"case_id","variant","replicate","terminal_state","locus","name","ai_position","differentiation_unit","claimed_visibility","claimed_intensity","touchpoint","mechanism","evidence_ids","gate_rationale","run_dir"
"case_004","full","0","PASS","NON_BACKSTAGE","Material Memory Index","BACKSTAGE","SEGMENT","LOW","LOW","Internal product and design teams, during periodic brief development and property refresh cycles, accessed through a closed internal research interface with no guest-facing surface","The AI ingests anonymised, aggregated signals drawn from operational records — maintenance logs, procurement patterns, seasonal service request data, and post-stay staff debrief notes — to identify recurring friction points and latent material preferences across the portfolio. It then generates ranked hypotheses about which design or product decisions are quietly eroding the sense of place at specific properties: a textile weight that reads as insufficient in colder climates, a scent profile that conflicts with local flora, a furniture arrangement that subtly misaligns with how guests actually move through a suite. These hypotheses are delivered as structured research prompts to the internal design and procurement team, not as directives. The team treats the output as one research input among several — alongside craft sourcing trips, artisan consultations, and property general manager judgement — and decides independently whether to act. No output is labelled as AI-generated in any internal communication that crosses into property operations. The system never touches guest data in identifiable form and never produces guest-facing content.","D1;D2;D5","The problem described is fundamentally about how Aman relates to individual guests at scale—maintaining the depth, relevance, and consistency of highly personal service experiences across a growing portfolio of properties. This is a classic personalisation challenge: ensuring that each guest's preferences, history, and expectations are understood and acted upon seamlessly, while preserving the brand's hallmark of authentic, human-mediated intimacy. The tension between scaling individualised service and protecting privacy and perceived human authenticity is precisely the kind of nuanced personalisation design problem the system is built to address. The brief does not describe an operational or authentication issue; it describes the challenge of deepening and sustaining one-to-one client relationships across a larger footprint, which personalisation is well-positioned to solve.","runs\2026-08-21T12-06-35__960461"
"case_004","full","1","PASS","NON_BACKSTAGE","Material Memory Archive","BACKSTAGE","SEGMENT","LOW","LOW","Internal design and procurement teams, during the pre-development phase of new property builds and renovation cycles, accessed through a closed internal research interface","The AI ingests longitudinal data from completed properties—guest feedback coded at the aggregate level, maintenance records, material performance logs, supplier provenance documentation, and regional craft traditions—to surface pattern-based recommendations for material selection, spatial proportion, and artisan partnerships in new developments. It identifies which combinations of natural materials, construction methods, and spatial configurations have produced the most durable guest satisfaction signals across climatic and cultural contexts, and flags underutilised regional craft traditions that align with the physical and ecological character of a prospective site. All outputs are delivered as structured research briefs to senior design leads, who exercise full editorial discretion over what proceeds to concept stage. The system does not generate design concepts; it compresses the research burden on human designers and surfaces material or craft options they might not have encountered within their existing networks.","D1;D2;D5","The problem described is fundamentally a personalisation challenge: how to deepen and scale the quality of individual guest relationships across a growing portfolio while preserving the brand's ethos of privacy and human connection. The core tension—maintaining bespoke, per-guest service relevance as the property count grows—is precisely the kind of issue that personalisation strategy addresses. It is not an operational or authentication problem; it concerns how the brand relates to each client, the consistency and depth of that relationship across touchpoints and properties, and the retention of ultra-high-net-worth guests who expect their preferences to be understood without being made to feel surveilled. The dimensional profile further confirms suitability: the strict scenic invisibility requirement, emotional consumption orientation, and inconspicuous motivation profile all point to a nuanced personalisation design challenge rather than a generic technology deployment.","runs\2026-08-21T12-38-30__28185d"
"case_004","full","2","PASS","NON_BACKSTAGE","Latent Preference Archive","BACKSTAGE","COHORT","LOW","LOW","Internal design and product development teams, during pre-season property programming cycles, through a restricted internal research interface","The AI ingests anonymised, aggregated signals drawn from historical stay patterns, staff-logged preference notes, post-departure service debrief records, and maintenance logs across the property portfolio. It identifies recurring latent preferences — spatial configurations, material textures, ambient conditions, pace-of-service rhythms — that guests have never explicitly articulated but that correlate with high-satisfaction outcomes. These patterns are surfaced as thematic design briefs delivered to interior, culinary, and programming teams ahead of refurbishment cycles or new property openings. No individual guest is profiled or identified. The output is a set of design principles and material specifications that make future properties more quietly attuned to the sensory preferences of the guest population at a cohort level. Human design leads retain full authority to accept, adapt, or discard any recommendation, and the AI output is framed as research input rather than instruction.","D2;D5;D4;D1","The problem described is fundamentally a personalisation challenge: how to scale deeply individualised guest experiences across a growing portfolio while preserving the brand's ethos of privacy, human authenticity, and discretion. The core tension—maintaining relationship depth and relevance of service at the individual guest level as the property count grows—is precisely the kind of client-relationship problem that personalisation is designed to address. The dimensional profile reinforces this: the brand serves emotionally motivated, inconspicuous-luxury consumers who value genuine human connection, and the proposed approach positions AI as an invisible enabler of staff-delivered personalisation rather than a guest-facing system. This is not an operational or authentication problem; it is about ensuring that each guest's experience feels uniquely attuned to them, which is the definition of personalisation done well.","runs\2026-08-21T12-39-09__56d424"
"case_004","minus_critic","0","PASS","NON_BACKSTAGE","Quiet Signal","BACKSTAGE","COHORT","LOW","LOW","Internal design and procurement teams, during the annual property refresh and new-site development cycle, accessed through a closed internal planning interface","The AI ingests anonymised, aggregated behavioural residue from across the portfolio — patterns in amenity use, service request timing, room configuration preferences, and post-stay qualitative notes stripped of any identifying detail — and synthesises these into material and spatial design briefs. Outputs take the form of ranked design hypotheses: which textures, scent profiles, lighting sequences, furniture proportions, or ritual objects resonate most durably with the guest archetype at a given property type. These hypotheses are handed to human designers and procurement leads as raw creative inputs, not prescriptions. The designers exercise full curatorial judgement over what enters the physical environment. No output reaches a guest-facing channel, no individual profile is constructed, and no real-time personalisation occurs. The system operates on a slow cycle — quarterly synthesis, annual application — deliberately misaligned with any single guest's stay.","D2;D5;D1;D4","The problem is fundamentally about how Aman relates to individual guests—scaling deeply personal, one-to-one service across a growing portfolio while preserving the brand's ethos of privacy and human authenticity. This is a classic personalisation challenge: ensuring that what is offered to each guest remains relevant, anticipatory, and emotionally resonant, without the experience feeling surveilled or algorithmic. Every dimension of the brief reinforces this: the emotional consumption orientation, the inconspicuous-luxury motivation profile, the strict scenic-invisibility requirement, and the strong symbolic orchestration control all point to a need for backstage personalisation that empowers human staff rather than replacing them. The difficulty is not operational (authentication, inventory, supply chain) but relational—maintaining relationship depth and experiential consistency at scale—making personalisation the appropriate lens through which to address it.","runs\2026-08-21T12-39-46__078d17"
"case_004","minus_critic","1","PASS","NON_BACKSTAGE","Silent Material Intelligence","BACKSTAGE","SEGMENT","LOW","LOW","Internal product and design teams during the development cycle for new property fit-outs, amenity curation, and spatial programming; the AI interfaces exclusively with these teams through internal design review workflows, never reaching any client-facing surface","The AI ingests anonymised, aggregated signals from prior property operational data — maintenance logs, amenity replenishment rates, seasonal occupancy patterns, staff observation notes converted to structured tags by property managers — and synthesises these into design guidance for development teams. It identifies which material choices, spatial configurations, and amenity compositions have correlated with longer dwell times, repeat visitation, and reduced friction without any individual-level profiling. Outputs are framed as design hypotheses presented to senior creative and operations leads in periodic review sessions. Human curators then decide which hypotheses to carry forward, adapt, or discard, applying brand and cultural judgement the model cannot hold. The model has no access to guest identity data, no connection to reservation systems, and no output channel that reaches property operations or client interaction. Its role ends when the design brief is finalised.","D2;D5;D1;D4","The problem is fundamentally about how Aman relates to individual guests at scale: maintaining the depth, relevance, and consistency of deeply personal service experiences across a growing portfolio of properties. This is a classic personalisation challenge—how to recognise returning guests' preferences, anticipate needs, and tailor offerings (room configurations, spa treatments, culinary itineraries) on a per-client basis, while preserving the brand's ethos of privacy and human authenticity. The tension the brief identifies—scaling high-touch individualisation without visible algorithmic mediation—is precisely a personalisation design problem, not an operational or supply-chain issue. The dimensional profile further confirms suitability: strict scenic invisibility requirements, emotional consumption values, and strong symbolic orchestration control all point to a context where personalisation must be carefully architected but is clearly the right lever to address the stated business difficulty.","runs\2026-08-21T12-40-22__756861"
"case_004","minus_critic","2","PASS","NON_BACKSTAGE","Silent Material Archive","BACKSTAGE","COHORT","LOW","LOW","Interior design and procurement teams, during the pre-opening development cycle of new urban properties, working through internal project management surfaces and supplier briefing documents","An AI system ingests anonymised residency pattern data, aggregated guest feedback stripped of any identifying information, and publicly available environmental and cultural datasets for each new city location. It then generates ranked material and spatial specification recommendations — finishes, textiles, lighting temperatures, furniture proportions, acoustic treatments — calibrated to the sensory and atmospheric expectations of guests who have previously stayed at comparable properties in the portfolio. These outputs are delivered as structured option sets to the internal design team, not as directives. The design team evaluates each recommendation against the property's site-specific narrative, discards anything that conflicts with local material authenticity or feels generic, and commissions or sources accordingly. The AI does not interact with guests, does not store individual profiles, and is never referenced in any client-facing communication. Its role ends when the design brief is finalised.","D2;D5;D1;D4","The problem is fundamentally about how Aman relates to individual guests—scaling deeply personal, high-touch service across a growing portfolio while preserving the perception of human intuition and privacy. This is a classic personalisation challenge: ensuring that what is offered to each guest (room configuration, spa treatments, culinary itineraries) is relevant, consistent across properties, and delivered in a way that deepens the relationship rather than feeling algorithmic. The constraints around scenic invisibility and privacy do not disqualify personalisation; they shape how it must be designed. The core difficulty—maintaining relationship depth and experiential relevance at scale—is squarely within the domain of personalisation strategy.","runs\2026-08-21T12-41-00__ef1f64"
"case_004","minus_loop","0","PASS","NON_BACKSTAGE","Material Provenance Intelligence","BACKSTAGE","SEGMENT","LOW","LOW","Internal product and design teams during the sourcing and specification phase of new property development or amenity procurement; the AI interfaces exclusively with procurement leads, interior directors, and regional design heads through a closed internal dashboard, never touching any guest-facing surface","The AI ingests structured data from supplier networks, environmental surveys, craft guild registries, and conservation body reports to surface candidate materials, artisan partnerships, and spatial configurations that satisfy the brand's objective scarcity criteria — physical remoteness, protected provenance, non-replicable craft lineage. It cross-references each candidate against a proprietary taxonomy of the brand's existing portfolio to flag redundancy or dilution risk, and generates ranked option sets with sourcing rationale, sustainability compliance notes, and exclusivity tenure estimates. All outputs are delivered as advisory dossiers to human design leads, who exercise full curatorial authority over what advances. The AI does not communicate with guests, does not personalise to individual guest profiles, and has no runtime role during property operation.","D1;D2;D5","The problem is fundamentally about how Aman relates to individual guests at scale: maintaining the depth, relevance, and consistency of a deeply personal service experience as the portfolio grows beyond the point where staff memory and informal knowledge transfer alone can sustain it. The challenge is not operational (supply chain, authentication, inventory) but relational—how to recognise returning guests' preferences, anticipate needs across properties, and deliver a seamless sense of being known without ever surfacing the data infrastructure behind it. The dimensional profile reinforces that this is a genuine personalisation problem: the strict scenic-invisibility requirement, the emotional and inconspicuous-luxury orientation, and the strong symbolic-orchestration control all point to a use case where AI must power human-delivered personalisation backstage, making the solution both appropriate and non-trivial to design well.","runs\2026-08-21T12-41-35__c8befc"
"case_004","minus_loop","1","PASS","NON_BACKSTAGE","Quiet Signal","BACKSTAGE","COHORT","LOW","LOW","Internal design and procurement teams during the property development and seasonal product refresh cycle, accessed through internal briefing documents and workshop inputs — no guest-facing surface involved","The AI ingests anonymised, aggregated operational data — occupancy patterns, amenity usage rates, service request logs, post-stay feedback stripped of all identifying information — and synthesises it into latent preference signals at the cohort level. These signals are translated into written design intelligence briefs that surface recurring but unarticulated guest behaviours: for example, consistent underuse of certain room typologies, or repeated informal requests that cluster around a sensory theme. The briefs are delivered to senior design directors and procurement leads as periodic inputs to property development decisions, material selection, spatial programming, and amenity curation. The AI does not recommend specific products, does not generate guest profiles, and does not produce automated outputs that reach any operational team. Human design directors interpret, contest, and selectively act on the briefs through their own curatorial judgement. The system has no awareness of individual guests and retains no longitudinal individual data.","D1;D2;D4;D5","The problem is fundamentally about how Aman relates to individual guests at scale: maintaining the depth, relevance, and consistency of deeply personal service as the portfolio grows, while respecting the brand's privacy-first ethos. This is a classic personalisation challenge—differentiating the experience per client across multiple properties and touchpoints—rather than an operational or supply-chain issue. The dimensional profile reinforces the fit: the strict scenic-invisibility requirement, emotional consumption orientation, and strong symbolic orchestration control all point to a nuanced personalisation design problem where AI must enhance human-delivered, relationship-driven hospitality without ever surfacing to the guest. Personalisation directly addresses the stated difficulty of scaling high-touch service without eroding authenticity, making this an appropriate case to advance.","runs\2026-08-21T12-42-15__861afb"
"case_004","minus_loop","2","PASS","NON_BACKSTAGE","Silent Vernacular Engine","BACKSTAGE","SEGMENT","LOW","LOW","Internal design and product development teams, during the early-stage briefing and material selection phases of new property or amenity development, accessed through an internal research interface used by senior designers and procurement leads","The system ingests aggregated, anonymised behavioural residue from existing properties — occupancy patterns, amenity usage rates, service request frequencies, maintenance logs, and post-stay operational notes — alongside external inputs such as regional craft traditions, endemic material availability, and ecological constraints specific to a new site. It then identifies latent convergences between what guests have consistently sought without articulating and what the physical and cultural context of a new location can authentically provide. Outputs take the form of structured design briefs: annotated material palettes, spatial proportion references drawn from vernacular architecture, and service ritual prompts, all framed as research findings rather than algorithmic recommendations. Human designers retain full interpretive authority; the system surfaces patterns and possibilities, not decisions. No guest identity is ever referenced, and no output is ever guest-facing.","D2;D5;D1;D3","The problem is fundamentally about personalisation: how to scale deeply individualised, relationship-driven service across a growing portfolio while preserving the brand's ethos of privacy and human authenticity. The challenge is not operational (supply chain, authentication, sizing) but relational—ensuring that each guest's experience feels uniquely tailored through genuine human connection, even as the number of properties and guests grows. The dimensional profile reinforces this: the brand is emotionally led, targets inconspicuous-luxury consumers who prize privacy, and requires any AI to remain invisible backstage, feeding insights to human staff who deliver the final personalised experience. This is a textbook personalisation problem—differentiating the offering per individual client to deepen relationships, improve relevance, and sustain retention—made more complex by the strict constraint that the mechanism must never be perceptible to the guest.","runs\2026-08-21T12-42-57__5513f8"
"case_004","llm_bands","0","PASS","NON_BACKSTAGE","Silent Material Intelligence","BACKSTAGE","COHORT","LOW","LOW","Internal design and procurement teams, during the annual property development cycle and FF&E specification process, accessed through an internal research interface used by senior designers and property directors","The AI ingests anonymised, aggregated behavioural signals drawn from operational data — room configuration requests, amenity usage patterns, maintenance logs, staff observation notes transcribed post-stay — and synthesises these into material and spatial design briefs. It identifies recurring frictions and latent preferences at the cohort level (e.g., guests who consistently request blackout conditions also tend to engage with outdoor bathing features at dawn), then translates these into ranked design hypotheses: suggested material finishes, spatial proportions, light-control mechanisms, or landscaping orientations. Output is a structured research document, not a directive. Senior designers review, reject, reframe, or adopt findings as they would any other research input. The AI never touches a guest record by name, never surfaces during a stay, and has no role in service delivery. Its entire function is to make the next property or the next renovation iteration more quietly attuned to how this guest population actually inhabits space — without those guests ever knowing the process occurred.","D1;D2;D5","The problem is fundamentally about how Aman relates to individual guests at scale: maintaining the depth, relevance, and consistency of a deeply personal service experience as the portfolio grows beyond what purely informal, memory-based staff knowledge can sustain. The challenge is not operational (supply chain, authentication, inventory) but relational—how to ensure each guest feels known, anticipated, and cared for without the personalisation machinery becoming visible or violating the brand's privacy ethos. Every dimension of the profile reinforces this: the emotional consumption orientation, the inconspicuous-luxury motivation of the clientele, the strict scenic-invisibility requirement, and the strong symbolic orchestration control that keeps human staff as the final curators of the experience. Personalisation is precisely the lever that addresses the stated tension between scaling high-touch service and preserving authentic, private, human-led hospitality.","runs\2026-08-21T12-43-35__f00fe7"
"case_004","llm_bands","1","PASS","NON_BACKSTAGE","Material Signal Archive","BACKSTAGE","SEGMENT","LOW","LOW","Internal design and procurement teams, during the annual property refresh and new property development cycle, through a closed internal review interface accessible only to senior design leadership","The AI ingests aggregated, anonymised behavioural residue from across the portfolio — room preference patterns, amenity usage rates, unsolicited written feedback, service request timing, and post-stay survey language — and synthesises this into periodic design intelligence briefs. These briefs surface latent material and spatial preferences that recur across the guest base without attributing signals to any individual. The output takes the form of ranked material hypotheses: for example, that guests in a particular climate zone consistently underuse outdoor bathing features installed in direct sightlines, or that a specific textile weight correlates with longer in-room dwell times. Design teams treat these as one input among several — alongside craft tradition, site ecology, and architectural intent — when specifying materials, spatial configurations, and amenity selections for new builds or refurbishments. No AI output reaches a guest or a guest-facing staff member. The system has no access to identifiable guest records and cannot produce individual-level recommendations.","D2;D4;D5;D1","The problem is fundamentally about how Aman relates to individual guests at scale: maintaining relationship depth, ensuring the relevance and consistency of highly personal service across a growing portfolio, and retaining the loyalty of ultra-high-net-worth clients who expect their preferences to be remembered and honoured without being asked. The tension the brief identifies—scaling human-feeling personalisation without making it feel algorithmic or surveillance-like—is a classic personalisation design challenge, not an operational or supply-chain issue. Every dimension of the profile reinforces that the core difficulty lies in differentiating the experience per client (preference anticipation, tailored itineraries, continuity across properties) while respecting strict invisibility and privacy constraints. Personalisation is therefore the appropriate lens through which to address this problem.","runs\2026-08-21T12-44-21__905032"
"case_004","llm_bands","2","PASS","NON_BACKSTAGE","Latent Signal Archive","BACKSTAGE","COHORT","LOW","LOW","Internal product and design teams during property development cycles, accessed through a structured internal briefing interface used by senior designers and experience directors — no guest-facing surface exists","The AI ingests anonymised, aggregated operational signals from existing properties — patterns in bespoke service requests, materials selected during in-room customisation options, recurring themes in post-stay written feedback, and staff-logged preference notes stripped of any identifying data — and synthesises these into design-language reports. These reports surface latent convergences: recurring sensory preferences, spatial behaviours, or material affinities that recur across guest cohorts without being traceable to individuals. Design teams use these reports as one input among several when making decisions about new property specifications, FF&E procurement, amenity curation, and spatial programming. The AI produces no guest-facing output, issues no real-time recommendations, and has no access to individual guest records. Its output is a periodic analytical document that informs human creative judgment rather than replacing it.","D2;D5;D1;D4","The problem is fundamentally about how Aman relates to individual guests at scale: maintaining the depth, relevance, and consistency of deeply personal service experiences as the portfolio grows beyond intimate, single-property knowledge. This is a classic personalisation challenge—transferring rich client understanding across properties and touchpoints so that each guest feels uniquely recognised without the brand having to rely solely on individual staff memory. The dimensional profile reinforces that the solution must be invisible to the guest (Scenic Invisibility: STRICT), emotionally led, and filtered through human staff (Symbolic Orchestration Control: STRONG), but none of these constraints disqualify personalisation; they shape how it must be designed. The brief does not describe an operational or authentication problem; it describes the tension between scaling relationship depth and preserving brand authenticity, which personalisation is well positioned to address.","runs\2026-08-21T12-45-09__8e321e"
"case_004","baseline","0","PASS","PRE_ADVISOR","Silent Memory — AI-Augmented Guest Intelligence for Aman Hosts","BACKSTAGE","ONE_OF_ONE","LOW","HIGH","Aman hosts and residence managers, in the hours before a guest arrives, via a private staff briefing interface accessible on property management terminals","A backstage AI engine ingests structured and unstructured data from prior stays — room configuration notes, spa treatment records, dietary flags, activity choices, cultural interests logged by previous hosts — and synthesises a concise, narrative-style guest intelligence brief. The brief is written in warm, human prose rather than data tables, surfacing three to five actionable anticipations ranked by confidence. It highlights what is known, what has changed since the last visit, and where the host should exercise their own judgement rather than assume continuity. The AI never contacts the guest directly and is invisible to them entirely. Hosts review, edit, and own the brief before acting on it, preserving the appearance and reality of intuitive human care.","","","runs\2026-08-21T12-45-59__5fe5b1"
"case_004","baseline","1","PASS","PRE_ADVISOR","Silent Memory – AI-Augmented Guest Intelligence for Aman Hosts","BACKSTAGE","ONE_OF_ONE","LOW","HIGH","Aman hosts and residence managers receive a confidential pre-arrival briefing, surfaced through an internal staff tablet or property management interface, 48–72 hours before a guest checks in","A backstage AI system ingests structured and unstructured data from previous stays across the global portfolio — room configuration requests, spa treatment selections, dietary notes, excursion choices, cultural interests, pace-of-stay patterns, and any soft signals logged by hosts — and synthesises these into a concise, human-readable guest intelligence brief. The brief is framed entirely as the institutional memory of the property team, not as algorithmic output. It surfaces three to five specific, actionable anticipations — such as a preferred pillow configuration, a favoured morning ritual, or a dietary nuance — alongside open white space for the host to annotate and override with their own observations. The system learns iteratively from host corrections, weighting human judgment above model inference over time.","","","runs\2026-08-21T12-46-08__666944"
"case_004","baseline","2","PASS","PRE_ADVISOR","Silent Memory – AI-Augmented Guest Intelligence for Aman Hosts","BACKSTAGE","ONE_OF_ONE","LOW","HIGH","Aman host (butler, residence manager, or spa director) reviews a curated guest dossier on a private staff tablet 24–48 hours before arrival, prepared by the AI system drawing on cross-property stay history, wellness assessments, dietary records, and cultural interest signals","A backstage large-language-model layer ingests structured and unstructured guest data from across the Aman portfolio — reservation notes, spa intake forms, F&B preferences, activity logs, and discreet post-stay staff observations — and synthesises a narrative briefing for the receiving host. The briefing surfaces prioritised preference cues, flags sensitivities or contradictions (e.g. a guest who requested silence during a previous stay but later joined a group excursion), and proposes specific pre-arrival configurations: room scent, pillow selection, minibar curation, spa programme sequencing, and cultural programming suggestions relevant to the destination. It does not surface recommendations as algorithmic outputs; it frames them as 'notes from the team' in the voice of the Aman host network, preserving the fiction of institutional human memory.","","","runs\2026-08-21T12-46-17__885308"
"case_005","full","0","PASS","PRE_BACKSTAGE","Allocation Calibration Engine","BACKSTAGE","INDIVIDUAL","LOW","MEDIUM","Boutique directors and regional allocation managers interact with a structured decision-support dashboard during quarterly and ad-hoc allocation review cycles, before any client communication occurs","The system ingests longitudinal client data — purchase history, service engagement, waitlist tenure, horological dialogue records logged by advisors, and boutique-level demand signals — to produce ranked allocation recommendations per scarce reference. It does not score clients on a visible numerical index presented to advisors; instead it surfaces a tiered shortlist per model, with a plain-language rationale for each entry drawn from behavioral and relational signals. The rationale is written in terms a boutique director can interrogate, contest, and override: for example, 'three-year consistent engagement with complications category, no speculative resale pattern detected, waitlist position predates current demand spike.' The director reviews the shortlist, removes or reorders names based on relational knowledge the system cannot hold — a client's recent bereavement, a longstanding personal rapport, a conversation not yet logged — and finalizes the allocation. The system then closes the loop by ingesting the director's override decisions over time, refining its signal weighting without ever surfacing that learning process to the client tier. The client experiences only a call or visit from their advisor.","D2;D5;D1;D4","Although the problem has an operational dimension (allocation of scarce inventory across boutiques), its core challenge is fundamentally about how the brand relates to individual clients: understanding each client's depth of connoisseurship, purchase history, retention likelihood, and relationship quality in order to match the right watch to the right person. This is a personalisation problem—differentiating the offering per client based on individual profiles—rather than a pure supply-chain or inventory-optimisation problem. The brief's emphasis on preserving the perception of human relationships, identifying true collectors versus flippers, and maintaining relationship depth all confirm that the difficulty lies in the quality and relevance of client-level decision-making. The strict scenic invisibility requirement and the need for backstage AI support further underscore that the personalisation layer must be carefully designed, but the problem itself is squarely within the domain of client relationship differentiation.","runs\2026-08-21T12-46-28__72d4f4"
"case_005","full","1","PASS","PRE_BACKSTAGE","Allocation Signal Layer","BACKSTAGE","INDIVIDUAL","LOW","MEDIUM","Boutique directors and regional allocation managers, during quarterly and ad-hoc inventory planning cycles, through a secure internal dashboard never seen by clients","The system ingests structured relationship data — purchase history, service engagement, boutique visit cadence, expressed horological interests logged by advisors — and produces ranked allocation recommendations per reference and per boutique location. For each scarce reference entering distribution, it outputs a tiered shortlist of client profiles most aligned with that reference's complication category and collecting trajectory, accompanied by a plain-language rationale drawn from relational history rather than a raw score. The output is framed as a briefing document, not a directive: it surfaces patterns that a boutique director might not hold in working memory across a large client book, but it does not assign final allocation. A human curatorial review step is mandatory before any recommendation advances to the advisor who will initiate client contact. The system flags cases where its data picture is thin — newer clients with limited transaction history — so that director judgment is explicitly invited rather than displaced. It does not communicate with clients, does not generate client-facing content, and leaves no artifact visible outside the internal planning workflow.","D2;D5;D1;D4","The core problem is fundamentally about how the brand relates to individual clients: specifically, how to differentiate allocation decisions based on each client's relationship depth, connoisseurship, purchase history, and likelihood of long-term retention versus flipping. This is a personalisation challenge — matching the right scarce product to the right individual based on a nuanced understanding of that person's profile and relationship with the brand. While allocation has an operational dimension, the stated difficulty centres on preserving the perception of genuine human relationships while using AI-driven client scoring to improve relevance and fairness of who receives access. The dimensional profile reinforces this: strict scenic invisibility means the personalisation engine must operate backstage, the UNM motivation profile demands that scoring reflect authentic connoisseurship rather than superficial signals, and the strong symbolic orchestration control ensures human judgment remains the final filter. Personalisation is the appropriate lens through which to address this problem, as the brand's challenge is precisely about deepening its understanding of individual clients to make better relational decisions at scale.","runs\2026-08-21T12-47-11__1d6340"
"case_005","full","2","PASS","PRE_BACKSTAGE","Allocation Signal Engine","BACKSTAGE","INDIVIDUAL","LOW","MEDIUM","Regional commercial directors and boutique managers, during quarterly allocation planning cycles, through a restricted internal dashboard inaccessible to clients or frontline advisors","The system ingests longitudinal client data — purchase history, service engagement, private event attendance, complication category affinity, and retention tenure — to generate ranked allocation signals for scarce reference assignments. It does not produce automated decisions. It produces a prioritised candidate list per boutique, annotated with the behavioural patterns that drove each ranking, so that the boutique manager retains full authority to accept, reorder, or override any recommendation before a single allocation is confirmed. The model is trained to weight long-term retention signals and depth of horological engagement over transactional recency, preventing short-cycle buyers from displacing established collectors. Outputs are expressed in plain relational language — describing client behaviour patterns rather than scores or percentages — so that managers read the recommendation as a synthesis of client knowledge rather than a statistical verdict. A mandatory human sign-off step is embedded in the workflow: no allocation advances without a named manager's written rationale, which is logged for audit and calibration purposes.","D2;D5;D1;D4","The core problem described is fundamentally about how Audemars Piguet relates to individual clients: specifically, how to differentiate and score clients based on their relationship depth, connoisseurship, and likelihood of long-term retention, in order to allocate scarce pieces to the right individuals. This is a personalisation challenge — it concerns matching the right offering to the right client based on individual-level attributes, purchase history, and relationship signals. While allocation logistics are involved, the stated difficulty is not an inventory or supply chain problem; it is about understanding each client well enough to make allocation decisions that feel earned and relationship-driven. The strict scenic invisibility requirement and the emphasis on preserving the perception of human-governed access further confirm that the challenge sits squarely in the domain of client relationship quality and relevance of offering, making personalisation the appropriate lens through which to address it.","runs\2026-08-21T12-47-55__b58319"
"case_005","minus_critic","0","PASS","PRE_BACKSTAGE","Allocation Arbiter","BACKSTAGE","INDIVIDUAL","LOW","MEDIUM","Boutique managers and regional directors, during the monthly allocation cycle, through a secure internal dashboard accessible only to authorized staff","The system ingests structured signals from boutique CRM records — purchase history, service engagement, collector tenure, breadth of reference across complications — and produces a ranked eligibility index for each scarce reference arriving at a given boutique. It does not contact clients, generate client-facing communications, or trigger any automated outreach. The output is a prioritized shortlist with a brief rationale note per client, expressed in horological and relational terms the manager already uses: depth of collection, consistency of engagement, demonstrated interest in the specific complication category. The boutique manager reviews this shortlist before any allocation decision is made, may override any ranking, and is the sole actor who contacts the client. The system logs overrides so that its weighting model can be recalibrated over time by regional directors, keeping the algorithm subordinate to accumulated human judgment rather than the reverse.","D2;D5;D1;D4","The core problem is fundamentally about how the brand relates to individual clients: specifically, how to differentiate and score individual collectors to determine who should receive access to the scarcest watch references. This is a personalisation challenge — it concerns the relevance of what is offered to whom, the depth of the client relationship, and client retention (identifying true connoisseurs versus flippers). While allocation logistics are involved, the central difficulty is not an operational supply-chain or inventory problem; it is about understanding individual client profiles, purchase histories, and engagement patterns to tailor access in a way that feels earned and relational. The strict scenic invisibility requirement and the emphasis on human curatorial judgment as the final filter further confirm that this is a personalisation problem wrapped in a brand-experience challenge, making it appropriate to proceed.","runs\2026-08-21T12-48-37__08f313"
"case_005","minus_critic","1","PASS","PRE_BACKSTAGE","Allocation Compass","BACKSTAGE","INDIVIDUAL","LOW","MEDIUM","Boutique directors and regional allocation managers interact with a structured decision-support dashboard during the quarterly and ad-hoc allocation cycles, before any client communication occurs","The system ingests longitudinal client data — purchase history, service engagement, consultation frequency, declared horological interests logged by advisors, and tenure — to generate ranked allocation recommendations per scarce reference. It does not score clients on financial capacity or resale behaviour; it weights depth of relationship and collecting coherence instead, reflecting the brand's collector-first posture. Each recommendation surfaces a plain-language rationale drawn from the client's documented profile so the boutique director can assess, override, or reorder the list with full context. The output is a prioritised shortlist per reference, not an automated dispatch: the director must actively confirm or revise before any allocation is committed. Override decisions are logged and fed back into the model to calibrate future outputs to local market character and the director's demonstrated curatorial judgement. No client ever sees the tool, its outputs, or any signal that a scoring process occurred.","D2;D5;D4;D1","The core problem is fundamentally about how Audemars Piguet relates to individual clients: specifically, how to differentiate which clients receive access to scarce watch models based on their individual profiles, behaviors, and relationship depth with the brand. This is a personalisation challenge — it concerns matching the right offering to the right client, deepening relationship quality, improving client retention (by identifying true connoisseurs over flippers), and ensuring the relevance and consistency of the client experience across boutiques. While allocation logistics are involved, the stated difficulty is not an operational inventory problem but rather a relational one: how to score and understand individual clients well enough to make allocation decisions that feel authentic and relationship-driven. The strict scenic invisibility requirement and the emphasis on preserving human curatorial authority further confirm that the personalisation layer must be carefully designed, but they do not negate the fact that the underlying need — differentiating the brand's offering per individual client — is squarely a personalisation problem.","runs\2026-08-21T12-49-17__0cdcb7"
"case_005","minus_critic","2","PASS","PRE_BACKSTAGE","Allocation Compass","BACKSTAGE","INDIVIDUAL","LOW","MEDIUM","Regional directors and boutique managers, during quarterly allocation planning cycles, through a secure internal dashboard inaccessible to clients or client-facing staff during client encounters","The system ingests longitudinal client relationship data — purchase history, service interactions, waitlist tenure, demonstrated technical engagement through archives and events, and boutique manager qualitative annotations — to produce a ranked allocation recommendation for each scarce reference arriving at a boutique. The model generates a scored shortlist per reference, weighting long-term retention signals and depth of horological engagement over transactional recency or spend volume alone, which prevents the scoring from collapsing into a simple revenue metric. Crucially, each recommendation is accompanied by a plain-language rationale drawn from the client's actual relationship record, giving the boutique manager the interpretive context needed to accept, override, or reorder the list on curatorial grounds. No recommendation is transmitted to the floor or to any client-facing system. The manager submits a final allocation decision, which becomes the authoritative record. The AI output is treated as a structured briefing, not an instruction.","D2;D5;D1;D4","The core problem is fundamentally about how the brand relates to individual clients: specifically, how to differentiate allocation decisions based on each client's relationship depth, purchase history, connoisseurship, and likelihood of long-term retention versus flipping. This is a personalisation challenge — the brand needs to understand individual clients better so that scarce pieces reach the right people, strengthening genuine relationships and improving the relevance of what is offered to whom. While allocation has an operational dimension, the stated difficulty centres on matching individual client profiles to specific watches in a way that preserves relational authenticity, which is squarely a personalisation problem. The dimensional profile — strict scenic invisibility, strong symbolic orchestration control, and an inconspicuous-motivation client base — adds meaningful design constraints but does not change the nature of the problem; it simply shapes how personalisation must be implemented. Proceeding is appropriate.","runs\2026-08-21T12-49-56__bf8333"
"case_005","minus_loop","0","PASS","PRE_BACKSTAGE","Quiet Ledger","BACKSTAGE","INDIVIDUAL","LOW","MEDIUM","Boutique managers and regional allocation directors, during the monthly inventory planning cycle, through a password-protected internal dashboard never shown to clients","The system ingests longitudinal client purchase history, service records, referral patterns, and boutique interaction logs to produce a ranked allocation recommendation list before each scarce reference is distributed. It models each client's depth of horological engagement — frequency of service visits, breadth of complication categories owned, tenure with the house — and weights these signals against regional demand pressure and boutique capacity. The output is a tiered shortlist of clients per boutique, accompanied by a plain-language rationale for each placement (e.g., 'three-decade relationship, no perpetual calendar in collection, consistent service engagement'). The boutique manager reviews the shortlist, can override any placement with a recorded note, and makes the final allocation call. No algorithmic output travels beyond the internal planning interface; the client receives only a personal call from their advisor, as always.","D2;D5;D1;D4","The core problem is fundamentally about how Audemars Piguet relates to individual clients: determining which collectors are most deserving of scarce allocations based on their relationship depth, purchase history, horological appreciation, and likelihood of long-term retention. This is a personalisation challenge — differentiating the offering per client to strengthen relationship quality, improve relevance of allocation decisions, and reduce attrition of high-value collectors. The AI-driven client scoring is not an operational logistics problem but a means of understanding individual clients more deeply so that boutique managers can make better-informed, relationship-centred decisions about who receives which timepiece. The strict scenic invisibility requirement and the emphasis on preserving human-centred clienteling further confirm that the personalisation must be carefully designed, but the underlying need — matching the right watch to the right client based on individual-level insight — is squarely within the domain of personalisation strategy.","runs\2026-08-21T12-50-33__8ac35f"
"case_005","minus_loop","1","PASS","PRE_BACKSTAGE","Allocation Signal Layer","BACKSTAGE","INDIVIDUAL","LOW","MEDIUM","Boutique managers and regional directors, during quarterly allocation review cycles, through a secure internal dashboard inaccessible to clients","The system ingests structured relationship data — purchase history, service engagement, event attendance, waitlist tenure, and declared collector focus — and produces a ranked allocation recommendation for each scarce reference arriving at a given boutique. For each recommendation it surfaces a plain-language rationale drawn from the client's documented history with the house, giving the boutique manager the interpretive material needed to exercise and articulate their own judgment. The output is a prioritised shortlist, not a binding decision: the manager can override any ranking, record the reason, and those override patterns feed back into the model over time. The system never contacts clients, never generates client-facing language, and is not referenced in any client communication. Its only output is an internal briefing document prepared before the allocation decision is made.","D2;D5;D1;D4","The core business problem is fundamentally about how Audemars Piguet relates to individual clients: which collectors should receive access to which scarce references, based on a deeper understanding of each client's connoisseurship, purchase history, retention behavior, and relationship depth. This is a personalisation challenge — differentiating the offering per client to improve allocation relevance, strengthen long-term relationships, and reduce attrition to flippers. While the allocation mechanism has operational dimensions, the stated difficulty centers on matching the right piece to the right collector in a way that honors genuine relationship quality, which is squarely a client-relationship and relevance problem. The strict scenic invisibility requirement and strong symbolic orchestration control further confirm that the brand needs a backstage personalisation layer that enhances human judgment rather than replacing it, making this an appropriate and well-scoped personalisation use case.","runs\2026-08-21T12-51-17__3ce6ff"
"case_005","minus_loop","2","PASS","PRE_BACKSTAGE","Allocation Signal Engine","BACKSTAGE","INDIVIDUAL","LOW","MEDIUM","Boutique managers and regional directors interact with a closed internal dashboard during monthly allocation review cycles, before any client-facing communication occurs","The system ingests structured client relationship data — purchase history, service interactions, waitlist tenure, complication preferences logged by advisors, and boutique visit cadence — and produces ranked allocation recommendations for scarce references. Each recommendation is accompanied by a plain-language rationale drawn from the relational record rather than a raw score, so the output reads as a synthesis of advisor knowledge rather than an algorithmic verdict. The system flags cases where the data signal is thin or contradictory and explicitly defers those to unassisted human judgment. Boutique managers retain override authority on every recommendation and are required to annotate their final decisions, which feeds back into the model to preserve curatorial coherence over time. The system never surfaces to clients, is not referenced in client communications, and leaves no visible trace in the boutique encounter.","D2;D5;D1;D4","The core problem is fundamentally about how the brand relates to individual clients: specifically, how to differentiate allocation decisions based on each client's relationship depth, purchase history, connoisseurship, and likelihood of long-term retention versus flipping. This is a personalisation challenge — matching the right scarce product to the right individual client — rather than a pure operational or supply-chain problem. The AI-driven client scoring described in the brief is essentially a mechanism for understanding individual client profiles and tailoring the brand's most valuable offering (access to limited pieces) accordingly. The additional complexity around scenic invisibility (D2: STRICT) and symbolic orchestration (D5: STRONG) makes this a nuanced personalisation problem well-suited to the framework, as the solution must enhance relationship quality and relevance of allocation while remaining entirely backstage, preserving the perception of human-driven connoisseurship and genuine relational access.","runs\2026-08-21T12-51-57__7e35cd"
"case_005","llm_bands","0","PASS","AT_BACKSTAGE","Provenance Signal Layer","BACKSTAGE","INDIVIDUAL","LOW","LOW","Boutique manager, during inventory review prior to or concurrent with a client encounter, via a secure internal dashboard visible only to staff","During each boutique encounter, the AI cross-references the boutique's live inventory state against a structured profile of the client's documented acquisition history, declared horological interests, and prior service interactions. It surfaces a ranked shortlist of available references that present the strongest alignment with that client's established pattern of appreciation—emphasizing technical affinity (complications previously acquired, movement architecture preferences) and collection coherence rather than spend velocity or recency. Crucially, the output is framed as provenance and fit notation: for each candidate reference, the system annotates why the piece is contextually coherent for this client based on their history, not a score or a recommendation directive. The boutique manager receives this as a pre-encounter briefing addendum, reads it before the appointment, and exercises full discretion over whether and how any of it enters the conversation. No output reaches the client in any form. The system also flags authentication and condition provenance for pieces being considered for secondary or exchange transactions, consolidating certification records silently into the manager's view.","D2;D5;D1;D4","Although the problem has operational dimensions (allocation of scarce inventory across boutiques), its core challenge is fundamentally about personalisation: understanding individual clients deeply enough to match the right watch to the right collector, preserving the quality of the one-to-one relationship, and ensuring that access decisions reflect genuine connoisseurship rather than arbitrary or purely transactional criteria. The brief explicitly centres on client scoring—differentiating the offering per individual based on their appreciation, retention behaviour, and relationship history—which is a textbook personalisation problem. The additional complexity of keeping this personalisation invisible to the client (scenic invisibility) and subordinate to human relationship managers further confirms that the challenge is about how the brand relates to individual clients, not merely about logistics or inventory optimisation in the abstract. Personalisation is well-positioned to address the stated difficulty of identifying true connoisseurs, deepening relationship relevance, and improving allocation quality without undermining the human-centric brand narrative.","runs\2026-08-21T12-52-45__1aa71c"
"case_005","llm_bands","1","PASS","AT_BACKSTAGE","Readiness Tier Classification Engine","BACKSTAGE","COHORT","LOW","LOW","Boutique manager reviews a daily allocation dashboard before or during client encounters; the surface is an internal management interface, never seen by clients","The system aggregates anonymised engagement signals—purchase cadence, service appointment regularity, event participation, and tenure—across the entire boutique client base and sorts clients into one of four standing tiers: Steward, Custodian, Connoisseur, and Patron. Tier boundaries are calibrated quarterly against house-wide norms, not against individual profiles. When a scarce reference becomes available, the system surfaces which tier or tiers it is appropriate for, along with a brief contextual note on what that tier's typical relationship pattern looks like—for example, 'clients in this tier have demonstrated sustained technical engagement over multiple complications cycles.' It does not produce a ranked list of named individuals, does not generate per-client briefs, and does not perform serial-level provenance cross-checks. The manager sees the tier recommendation and the contextual note, then applies their own relational knowledge to select the specific client within that tier. A lightweight authentication flag is raised only at the inventory level—flagging whether a given reference's provenance documentation is complete—without linking that flag to any individual client record. The system logs the manager's final selection to refine tier boundaries over time, but the learning operates at the aggregate cohort level, not by building richer individual profiles.","D2;D4;D5;D3","Although the problem has operational dimensions (allocation of scarce inventory across boutiques), its core challenge is fundamentally about how the brand relates to individual clients: identifying which collectors are genuine connoisseurs versus flippers, deepening relationship quality, ensuring the right client receives the right piece, and preserving the perception of a personal, human-driven relationship. AI-driven client scoring in this context is a personalisation problem — it differentiates the offering per client based on their relationship depth, purchase history, and appreciation profile. The strict scenic invisibility requirement and the emphasis on human curatorial authority further confirm that the real difficulty lies in enhancing per-client relevance and relationship integrity, not in logistics or operations alone. Personalisation is well-positioned to address the stated tension between scalable, data-informed allocation and the maintenance of authentic, individualized client relationships.","runs\2026-08-21T12-53-31__2c542b"
"case_005","llm_bands","2","PASS","AT_BACKSTAGE","Provenance Ledger","BACKSTAGE","INDIVIDUAL","LOW","LOW","Boutique manager, at the moment of preparing an allocation recommendation, through an internal inventory dashboard visible only to staff","During each client encounter, the AI silently cross-references the boutique's live inventory of scarce references against a continuously updated client dossier that aggregates verified purchase history, service interactions, and long-term retention signals. It surfaces, to the boutique manager alone, a ranked shortlist of which available references are historically and technically coherent with that client's documented collecting pattern — flagging, for example, that a client who has retained three perpetual-calendar movements for over five years is a stronger steward candidate for a newly arrived grand complication than one whose history shows rapid resale. The output is a brief internal note attached to the inventory record: a factual summary of the alignment between client history and reference characteristics, with no scoring label, no recommendation imperative, and no client-facing trace. The manager reads it as they would consult a well-briefed colleague, then makes the allocation decision in their own voice, drawing on it or setting it aside as their judgment dictates. The AI does not communicate with the client, does not alter the boutique environment, and leaves no artifact the client could encounter.","D2;D5;D1;D4","Although the problem has an operational dimension (allocation of scarce inventory across boutiques), its core challenge is fundamentally about how the brand relates to individual clients: identifying which collectors are genuine connoisseurs versus flippers, deepening relationship quality, ensuring the right client receives the right piece, and preserving the perception of a personal, human-governed relationship. AI-driven client scoring is, by definition, a personalisation mechanism—it differentiates the offering per client based on individual behavioral signals, purchase history, and engagement patterns. The brief's central tension is not a logistics or supply-chain problem but a client-relationship problem: how to make allocation decisions that feel personally curated while being informed by data, and how to do so without undermining the emotional pact between brand and collector. This sits squarely within the domain of relationship depth, relevance of what is offered to whom, and client retention, making it an appropriate candidate for a personalisation-oriented solution.","runs\2026-08-21T12-54-46__328424"
"case_005","baseline","0","PASS","PRE_BACKSTAGE","Connoisseur Signal Engine","BACKSTAGE","INDIVIDUAL","LOW","HIGH","Boutique director and regional clienteling manager, in the weeks before an allocation decision, via a secure internal dashboard surfaced within the existing CRM environment","The AI aggregates and cross-references structured and unstructured signals — purchase cadence, complication progression across a collector's history, event attendance depth, after-sales service engagement, and where permissible, secondary market resale patterns attributed to known clients — to produce a ranked connoisseur affinity score for each candidate. The score is presented not as a directive but as a curated briefing note, written in natural language, that highlights the behavioural evidence behind each recommendation and flags anomalies such as rapid resale history or thin engagement outside transactional moments. The boutique director retains full discretion; the system explicitly surfaces its reasoning so the human advisor can override, contextualise, or discard any suggestion. No scoring logic is exposed to clients at any stage.","","","runs\2026-08-21T12-55-31__e807d9"
"case_005","baseline","1","PASS","PRE_ADVISOR","Connoisseur Signal Synthesis","ADVISOR_MEDIATED","INDIVIDUAL","LOW","MEDIUM","Boutique manager and senior clienteling staff, in the weeks before an allocation decision is made, via a secure internal dashboard integrated into the existing CRM environment","The AI aggregates and cross-references structured and unstructured data signals — purchase history, service centre interactions, event attendance, maison correspondence, and where permissible secondary market activity — to produce a ranked connoisseur profile for each client under consideration for a scarce reference. Rather than issuing a binary recommendation, the system surfaces a narrative summary of each client's demonstrated horological engagement, flags anomalies such as rapid resale patterns, and presents weighted factors in plain language so the advisor retains full interpretive authority. The output is framed explicitly as a briefing aide, not a decision engine, preserving the advisor's role as the final and visible arbiter of allocation.","","","runs\2026-08-21T12-55-40__1da47b"
"case_005","baseline","2","PASS","PRE_BACKSTAGE","Connoisseur Signal Engine","BACKSTAGE","INDIVIDUAL","LOW","MEDIUM","Boutique director and regional clienteling team, in the weeks preceding an allocation decision, via a secure internal dashboard integrated into the existing CRM environment","The AI aggregates and weights signals drawn from structured CRM data (purchase history, complication categories owned, service records), behavioural data (event attendance, private salon participation, communication responsiveness), and permissioned secondary-market sentiment indicators (auction participation, forum engagement patterns where identifiable). It produces a ranked connoisseur profile for each eligible client, flagging depth of horological engagement, retention likelihood, and any anomalies suggesting speculative intent. Crucially, outputs are presented as advisory intelligence rather than automated decisions: the system surfaces evidence and confidence intervals, leaving the allocation judgment explicitly with the boutique director. A natural-language explanation accompanies each score so advisors can interrogate the reasoning, override it with context the model cannot see, and document their rationale — preserving human accountability and the relational narrative.","","","runs\2026-08-21T12-55-49__4c0bc5"
"case_006","full","0","PASS","NON_BACKSTAGE","Acoustic Genome Engine","BACKSTAGE","COHORT","LOW","MEDIUM","Acoustic engineers and product designers interact with the system during the hardware development cycle, accessed through an internal engineering workstation interface at the pre-production stage","The AI ingests anonymized acoustic preference signals derived from aggregate usage telemetry across the installed product base — listening environment profiles, EQ adjustments, room calibration outputs, and usage pattern clusters — and synthesizes these into structured design briefs for the engineering team. Specifically, it identifies latent acoustic signatures that recur across cohorts of users sharing similar spatial and behavioral contexts, then translates these into parametric targets: frequency response envelopes, driver tuning ranges, and material damping tolerances that engineering teams can evaluate and selectively adopt. The system does not autonomously alter product specifications; it produces ranked candidate profiles with supporting acoustic rationale, which senior engineers and product leads review, challenge, and filter against the house's established acoustic philosophy and material constraints. A curatorial review step is built into the workflow: no profile advances to prototyping without explicit human sign-off that the suggested direction is consistent with the brand's acoustic heritage and sustainability material commitments. The system also flags when a statistically popular preference cluster would require materials or manufacturing processes inconsistent with declared sustainability targets, surfacing the tension explicitly rather than resolving it algorithmically.","D2;D3;D5;D1","The problem statement centers on how Bang & Olufsen relates to individual clients across its digital commerce and hardware ecosystem—specifically, how to make product discovery, acoustic calibration, and the overall brand experience more relevant to each customer's lifestyle, aesthetic preferences, and listening environment. This is fundamentally a personalisation challenge: tailoring what is offered and how it is presented to different client segments (e.g., Generation Z newcomers versus long-standing connoisseurs), deepening relationship relevance, and improving the quality and consistency of the client experience across channels. The additional constraints around sustainability, heritage, and perceived longevity are important guardrails but do not change the nature of the core problem, which is about differentiating the offering and experience per client rather than solving an operational or supply-chain issue.","runs\2026-08-21T12-55-58__6315dc"
"case_006","full","1","PASS","POST_ADVISOR","Resonance Dossier","ADVISOR_MEDIATED","INDIVIDUAL","LOW","MEDIUM","The in-store advisor, within 24–48 hours of a client encounter, composes and sends a curated follow-up communication — a structured document delivered via email or printed correspondence — whose content is shaped by AI synthesis of the conversation notes, product interests, and acoustic environment the client described during the visit","After the encounter, the advisor logs structured notes into an internal tool: the acoustic challenges in the client's space, the aesthetic references they mentioned, the products they handled, and any hesitations they expressed. The AI processes these inputs against a library of brand-anchored narratives, technical documentation, and material provenance records to generate a draft dossier. The draft surfaces two or three product or configuration recommendations with explanatory rationale drawn from craft and acoustic logic rather than generic specification sheets, flags one or two contextual details from the conversation to personalize the framing, and proposes a natural next step such as a home calibration visit or a listening session with a specific configuration. The advisor reads, edits, and rewrites the draft in their own voice before sending. Nothing leaves the system without human review and reauthoring. The client receives a document that reads as considered advisor judgment, not a system output.","D2;D5;D3","The core problem described is fundamentally about how Bang & Olufsen relates to individual clients through its digital commerce experience: mapping personal aesthetic and lifestyle profiles to product recommendations, calibrating acoustic settings to individual environments and preferences, and engaging younger consumer segments with relevant, heritage-anchored narratives. These are classic personalisation challenges—relevance of what is offered to whom, relationship depth, and the quality of client experience across channels. The tension the brief identifies (personalisation versus heritage authenticity and sustainability) is itself a personalisation design question: how to differentiate the offering per client without undermining craft credibility or accelerating digital obsolescence. The operational elements mentioned (acoustic calibration, headless commerce architecture) serve as enablers of the personalisation layer rather than standalone operational problems. The dimensional profile—virtual rarity, moderate scenic invisibility, balanced consumption values, mixed motivations, and partial symbolic control—further confirms that a nuanced, client-sensitive personalisation strategy is both appropriate and necessary to address the stated business problem.","runs\2026-08-21T12-56-47__f16b04"
"case_006","full","2","PASS","POST_ADVISOR","Resonance Dispatch","ADVISOR_MEDIATED","INDIVIDUAL","LOW","MEDIUM","The advisor, within 24–48 hours after an in-store or remote consultation, composes and sends a curated follow-up communication to the client; the AI operates behind the advisor's authorship, not in front of it","After the encounter closes, the AI ingests the advisor's session notes, the products discussed, the client's stated acoustic environment and aesthetic preferences, and any sustainability interests surfaced during the conversation. It generates a structured brief for the advisor: a short narrative thread connecting the client's expressed priorities to one or two specific product configurations, a suggested acoustic rationale grounded in the room conditions the client described, and a prompt flagging which sustainability credentials are most relevant to surface. The advisor reads, edits, and rewrites the brief in their own voice before sending. The AI output is never transmitted directly to the client; it is raw material for the advisor's judgment. Nothing in the client-facing message references AI involvement.","D2;D5;D3","The core problem described is fundamentally about how Bang & Olufsen relates to individual clients in its digital commerce environment: helping diverse customer segments (Generation Z, Careerists, heritage audiophiles) discover the right products by mapping their aesthetic preferences, lifestyle profiles, and acoustic needs to the brand's portfolio and sound-tuning heritage. This is a classic personalisation challenge—improving relevance, deepening relationship quality, and tailoring the client experience across segments—while respecting the brand's craft identity and sustainability commitments. The tension between algorithmic convenience and tactile heritage is precisely the kind of nuance that a well-designed personalisation strategy must navigate, rather than a reason to refuse. The problem is not operational (authentication, supply chain, sizing) but experiential and relational, making it appropriate for a personalisation approach.","runs\2026-08-21T12-57-42__281bea"
"case_006","minus_critic","0","PASS","PRE_BACKSTAGE","Acoustic Allocation Engine","BACKSTAGE","COHORT","LOW","MEDIUM","Internal merchandising and channel management teams, operating within existing inventory and distribution planning workflows, prior to any client-facing stock visibility or product communication","The system ingests anonymised signals — regional sell-through velocity, seasonal acoustic preference patterns aggregated by geography, monobrand channel capacity, and sustainability production constraints — to generate allocation recommendations for forthcoming product releases and limited configurations. It surfaces ranked distribution scenarios to human planners, flagging where scarcity signals risk dilution across channels and where demand concentration justifies holding stock from secondary retail to preserve channel exclusivity. It also models the downstream sustainability cost of accelerated refresh cycles, providing planners with a carbon and materials footprint estimate for each allocation scenario so that commercial decisions can be weighed against sustainability commitments before any commitment is made. All outputs are presented as decision-support inputs; no allocation is executed automatically. A senior merchandising editor reviews each recommendation against brand distribution principles before any instruction reaches the channel.","D1;D2;D5","The core problem described is fundamentally about how Bang & Olufsen relates to individual clients in its digital commerce experience: helping diverse consumer segments—from Gen Z aspirationals to heritage connoisseurs—navigate a complex product portfolio by mapping personal aesthetic preferences, lifestyle profiles, and listening habits to the brand's sound-tuning heritage. This is a genuine personalisation challenge concerning relevance of what is offered to whom, relationship depth, and the quality of client experience across segments. The tension between deploying AI-driven personalisation and preserving tactile craftsmanship heritage is itself a personalisation design question—how to tailor the digital interface per client without overwhelming the brand's scenic invisibility requirement. The problem would be materially addressed by differentiating the offering and experience per client, making it appropriate to proceed.","runs\2026-08-21T12-58-28__576731"
"case_006","minus_critic","1","PASS","NON_BACKSTAGE","Acoustic Heritage Signal","BACKSTAGE","COHORT","LOW","MEDIUM","Industrial designers and acoustic engineers interact during product development sprints, through an internal research and synthesis tool embedded in the product team's existing workflow environment","The AI continuously ingests longitudinal data from three sources: acoustic performance measurements from existing product lines, material and manufacturing constraint logs from the supply and sustainability teams, and aggregated behavioral signals from post-purchase usage patterns across connected hardware. It synthesizes these into a structured design-input brief delivered at the start of each product development cycle. The brief surfaces recurring tension points—for example, where a material substitution made for sustainability reasons correlates with a measurable shift in resonance characteristics—and flags cohort-level usage patterns that suggest unmet acoustic preferences in specific listening contexts. It does not generate design solutions; it produces an evidence base that the engineering and design teams use to set acoustic calibration targets and material selection priorities before physical prototyping begins. A senior design lead reviews every brief before it enters the development workflow, with authority to suppress, reframe, or annotate any finding that conflicts with established craft principles or long-term product positioning. The AI has no access to individual customer identities and operates only on aggregated and anonymized cohort-level data.","D2;D3;D5","The core problem described is fundamentally about how Bang & Olufsen relates to individual clients across its digital commerce and hardware ecosystem. The brief centres on mapping individual aesthetic preferences, lifestyle profiles, and listening environments to product recommendations and acoustic calibration—classic personalisation territory that concerns the relevance of what is offered to whom and the quality of the client experience. The challenge of reaching younger demographics (Gen Z, Careerists) while retaining heritage connoisseurs is a relationship and relevance problem, not an operational one. The sustainability and craftsmanship constraints are guardrails on how personalisation should be executed rather than indicators that the problem is non-personalisation in nature. Personalisation directly addresses the stated difficulty of navigating complex high-fidelity specifications by tailoring the journey per client, making this an appropriate use case to advance.","runs\2026-08-21T12-59-09__7c1cb3"
"case_006","minus_critic","2","PASS","NON_BACKSTAGE","Acoustic Heritage Signal Mapping","BACKSTAGE","COHORT","LOW","MEDIUM","Internal acoustic engineers and product designers interact with the system during the hardware development cycle, through a proprietary design workbench interface that aggregates field performance data, materials research, and historical product archives","The AI ingests anonymised real-world acoustic performance telemetry from deployed products across diverse room environments, cross-references this against the brand's documented engineering decisions and materials specifications going back decades, and surfaces pattern-based recommendations to design teams. These recommendations flag where proposed new configurations diverge from or align with established acoustic signatures that define the house's sonic identity. The system does not generate designs autonomously; it produces annotated signal maps and variance reports that designers review in structured sessions. A senior engineer acts as the curatorial gate: AI outputs are treated as evidence to interrogate, not directives to implement. The system also models the acoustic longevity of candidate materials, giving the sustainability team a data substrate for evaluating whether a proposed component choice will degrade performance over a ten-year horizon in ways inconsistent with the brand's durability commitments.","D2;D3;D5","The core problem described is fundamentally about how Bang & Olufsen relates to individual clients across its digital commerce and hardware ecosystem. The brief centres on using personalisation to help diverse consumer segments—from Generation Z aspirants to established connoisseurs—discover the right products by mapping their aesthetic preferences, lifestyle profiles, and listening environments to the brand's heritage and acoustic capabilities. This is a classic relevance-and-relationship challenge: matching what is offered to whom, deepening engagement across an omnichannel experience, and doing so in a way that respects the brand's craft identity and sustainability values. The additional constraint of scenic invisibility (ensuring AI does not overshadow tactile craftsmanship) is itself a personalisation design consideration, not an operational one. The problem is not about supply chain, authentication, or inventory; it is squarely about differentiating the client experience per individual, making personalisation an appropriate and substantive response.","runs\2026-08-21T12-59-50__31243a"
"case_006","minus_loop","0","PASS","POST_ADVISOR","Resonance Brief","ADVISOR_MEDIATED","INDIVIDUAL","LOW","MEDIUM","The advisor, within 24–48 hours of a store or consultation encounter, receives a structured synthesis prepared by the AI and sends it to the client under their own name via email or a curated print-quality PDF — no platform login, no chatbot, no visible algorithmic interface on the client side","After the encounter closes, the AI ingests the advisor's session notes, the client's expressed preferences, the acoustic environment described or measured during the visit, and the product configuration discussed. It produces a confidential advisor-facing document containing: a plain-language summary of why the recommended configuration suits the client's stated listening context; one or two acoustically adjacent alternatives the advisor may choose to mention or withhold; a short paragraph anchoring the recommendation to the relevant production or material heritage; and a suggested follow-up framing the advisor can adopt, edit, or discard. The advisor reads, edits for tone and accuracy, removes anything that feels presumptuous, and sends the final communication in their own voice. The AI output is never forwarded raw; it functions as a drafting substrate, not a delivery mechanism.","D2;D5;D3","The core problem described is fundamentally about how Bang & Olufsen relates to individual clients in its digital commerce experience: helping diverse consumer segments (Generation Z, Careerists, heritage enthusiasts) navigate a complex product portfolio by mapping their personal aesthetic preferences, lifestyle profiles, and listening environments to the right products and acoustic configurations. This is a genuine personalisation challenge—differentiating the offering, recommendation, and experience per client—rather than a purely operational or supply-chain problem. The tension between digital personalisation and preserving tactile craftsmanship heritage is itself a personalisation design question: how visible or invisible the AI layer should be, and how to ensure algorithmic interfaces enhance rather than erode the brand's relationship with each client. The dimensional profile (mixed motivations, balanced consumption values, moderate scenic invisibility) further confirms that a one-size-fits-all approach is inadequate and that thoughtful per-client differentiation is warranted.","runs\2026-08-21T13-00-36__cbab30"
"case_006","minus_loop","1","PASS","POST_ADVISOR","Resonance Debrief","ADVISOR_MEDIATED","INDIVIDUAL","LOW","MEDIUM","The advisor, within 24–48 hours of an in-store or in-home encounter, receives a structured briefing document generated from notes and signals logged during the visit; the advisor then authors a personal follow-up message to the client using that briefing as a private reference","After the encounter closes, the advisor submits a brief structured log — room dimensions noted, products demonstrated, acoustic concerns raised, aesthetic preferences expressed, any hesitations mentioned. The AI synthesises this input against the client's prior interaction history and the current product catalogue, then produces a private advisor-facing document: a ranked shortlist of two or three follow-up directions with rationale, suggested acoustic calibration scenarios relevant to the client's stated space, and a set of reference points drawn from the brand's material and design heritage that are contextually appropriate to the conversation that actually occurred. The advisor reads this, discards what does not fit, and writes the client message in their own voice. Nothing automated reaches the client; the AI output is an internal working document only.","D2;D5;D3","The core problem described is fundamentally about how Bang & Olufsen relates to individual clients in its digital commerce channels: helping diverse customer segments (from Gen Z aspirationals to heritage connoisseurs) navigate a complex product portfolio by mapping personal aesthetic preferences, lifestyle profiles, and listening environments to the brand's offerings. This is a genuine personalisation challenge—tailoring what is presented, recommended, and calibrated to each client's profile—while preserving the brand's craft heritage and sustainability commitments. The tension between algorithmic convenience and tactile luxury experience is itself a personalisation design question (how visible and intrusive should the AI layer be per client segment). The problem is not purely operational; it concerns relevance, relationship depth, and experience quality at the individual client level, making it appropriate for a personalisation-oriented approach.","runs\2026-08-21T13-01-24__bfd372"
"case_006","minus_loop","2","PASS","POST_ADVISOR","Considered Return","ADVISOR_MEDIATED","INDIVIDUAL","LOW","MEDIUM","The human advisor, within 48 hours of an in-store or remote consultation, sends a personally composed follow-up message to the client; the message is drafted with the assistance of an AI system the advisor operates through an internal tool, never visible to the client","After the encounter closes, the AI system ingests the advisor's own session notes, the product configuration discussed, and any acoustic environment details the client shared. It then generates a structured briefing for the advisor: a concise narrative thread connecting the client's stated listening context to the specific engineering rationale behind the recommended product, one or two open questions the advisor might pose to deepen understanding of the client's space or habits, and a reminder of any sustainability or longevity attributes relevant to what was discussed. The advisor reads this briefing, edits freely, discards what does not fit, and writes the actual message in their own voice. The AI output is an internal draft scaffold, not a sent communication. Nothing algorithmic reaches the client; only the advisor's considered prose does.","D2;D5;D3","The core problem described is fundamentally about how Bang & Olufsen relates to individual clients in its digital commerce environment: how it surfaces relevant products to different customer segments (Generation Z aspirants versus established connoisseurs), how it tailors acoustic calibration experiences to personal preferences and listening environments, and how it maintains relationship depth and brand heritage perception while scaling through digital channels. The tension between algorithmic personalisation and craft heritage is itself a personalisation design challenge—deciding how much and in what manner the experience should be differentiated per client without eroding the brand's tactile, human-centred identity. This is not an operational problem of supply chain, authentication, or inventory; it is a question of client experience relevance, segment-appropriate engagement, and retention across heterogeneous motivation profiles, all of which sit squarely within the domain of personalisation strategy.","runs\2026-08-21T13-02-08__e30e31"
"case_006","llm_bands","0","PASS","NON_BACKSTAGE","Acoustic Inheritance Signal","BACKSTAGE","COHORT","LOW","MEDIUM","Internal product development teams — acoustic engineers, industrial designers, and materials specialists — interacting through a closed analytical workbench during the pre-production design phase, before any client encounter exists","The system ingests longitudinal data from three sources: anonymised post-purchase acoustic calibration logs generated when owners run room-sensing routines on existing hardware, aggregated durability and component-wear telemetry from devices in the field, and structured feedback from the brand's authorised repair and service network. From these inputs, the AI identifies recurring acoustic performance gaps that emerge only after extended ownership — for instance, bass response degradation in specific room geometries, or mid-range drift correlated with particular enclosure materials over time. It surfaces these patterns as ranked design hypotheses, expressed not as feature recommendations but as engineering questions: which material choices or driver configurations have historically sustained acoustic fidelity longest under real-world conditions, and which have introduced drift that required owner recalibration. Product teams then evaluate these hypotheses against their own acoustic and materials expertise, discarding, modifying, or carrying forward findings into prototype briefs. The AI produces no consumer-facing output and no personalisation artefact. Its role ends when the engineering question is handed to the human team.","D2;D3;D5","The core problem described is fundamentally about how Bang & Olufsen relates to individual clients across its digital commerce and hardware ecosystem. The brief centers on using AI-driven personalisation to help diverse customer segments—from Generation Z aspirants to established connoisseurs—discover products that match their aesthetic preferences, lifestyle profiles, and acoustic needs, while preserving the brand's heritage and craft narrative. This is a classic personalisation challenge: improving relevance of product discovery, deepening client relationships through tailored acoustic calibration experiences, and ensuring consistency of the brand experience across digital and physical touchpoints. The tensions identified (algorithmic visibility vs. tactile craft, functional vs. emotional value, sustainability vs. digital innovation) are all tensions that arise specifically because the brand is trying to differentiate its offering per client rather than solving a purely operational problem. The problem would be materially addressed by thoughtful personalisation strategy, making this an appropriate case to proceed.","runs\2026-08-21T13-02-58__e6f953"
"case_006","llm_bands","1","PASS","POST_ADVISOR","Resonance Debrief","ADVISOR_MEDIATED","INDIVIDUAL","LOW","MEDIUM","The advisor, within 24–48 hours of an in-store or digital consultation, receives a structured briefing document generated from the encounter's notes, product interactions, and acoustic calibration data. The advisor reviews, edits, and then sends a curated follow-up to the client via email or a personal message channel.","After each consultation, the AI ingests structured inputs logged by the advisor — product configurations explored, room acoustic parameters discussed, aesthetic preferences noted, and any hesitations flagged — and produces a draft follow-up brief. This draft contains: a concise restatement of the client's stated listening context and environment; one or two product or configuration recommendations with acoustic rationale grounded in the brand's engineering heritage; and a suggested next step framed as an invitation rather than a sales prompt. The AI does not contact the client directly. The advisor reads the draft, amends language and emphasis to reflect their own knowledge of the client, and sends it under their own name. The AI's contribution is invisible to the client; the advisor's judgment is the visible act.","D2;D5;D3","The core problem described is fundamentally about how Bang & Olufsen relates to individual clients in its digital commerce environment — specifically, how to make product discovery and acoustic calibration relevant to each customer's lifestyle, aesthetic preferences, and technical needs, while preserving the brand's heritage and craft values. This is a classic personalisation challenge: matching the right product, content, and experience to distinct client segments (Generation Z aspirationals versus established connoisseurs) and doing so in a way that deepens the relationship rather than commoditising it. The tension between algorithmic convenience and tactile luxury is itself a personalisation design question — how visible, how intrusive, and how individually tailored the digital interface should be. Operational concerns like sustainability and digital obsolescence are mentioned but are secondary to the central question of client-facing relevance and experience quality, making this an appropriate case for a personalisation strategy.","runs\2026-08-21T13-03-56__9410fb"
"case_006","llm_bands","2","PASS","POST_ADVISOR","Considered Follow-Through","ADVISOR_MEDIATED","INDIVIDUAL","LOW","MEDIUM","The advisor, within 48 hours of a client encounter, receives a structured briefing document through an internal tool; the advisor then authors and sends a personal follow-up message to the client using that briefing as a private reference","After each encounter, the AI synthesizes the advisor's session notes, the client's expressed preferences, any acoustic calibration data captured during a demonstration, and the client's broader purchase and service history. It produces a private briefing for the advisor containing: a ranked shortlist of one to three relevant product or configuration angles not fully explored during the meeting, a concise rationale for each grounded in the client's stated priorities rather than inventory logic, and a suggested framing that connects the recommendation to the specific aesthetic or acoustic concern the client raised. The AI does not draft the client message. The advisor reads the briefing, exercises independent judgment about what to surface and how to say it, and writes the follow-up in their own voice. The AI output is never transmitted to the client and is not visible in any client-facing surface.","D2;D5;D3;D4","The core problem described is fundamentally about how Bang & Olufsen relates to individual clients in its digital commerce experience — specifically, how to personalise product recommendations, acoustic calibration profiles, and lifestyle-to-product mapping for distinct consumer segments (e.g., Generation Z, Careerists) while preserving the brand's heritage and tactile craftsmanship values. This is a genuine personalisation challenge: it concerns the relevance of what is offered to whom, the quality and consistency of the client experience across digital and physical touchpoints, and the retention of younger demographics through individually meaningful engagement. The tension between deploying algorithmic personalisation and maintaining brand authenticity is itself a personalisation design question — how visible, how intrusive, and how curated the per-client experience should be. The problem is not purely operational (it is not about supply chain, authentication, or inventory) but about differentiating the brand's relationship with each client in a way that respects its luxury positioning.","runs\2026-08-21T13-04-51__382dbf"
"case_006","baseline","0","PASS","PRE_CLIENT","Acoustic Portrait","CLIENT_FACING","INDIVIDUAL","MEDIUM","MEDIUM","Prospective buyer on the digital flagship store, during product discovery, via an interactive web or app session before any purchase decision is made","A machine-learning model ingests self-reported lifestyle signals—listening environment descriptions, music genre preferences, spatial layout of the intended room, and aesthetic affinities—then maps these against Bang & Olufsen's curated sound-tuning heritage profiles. It surfaces a ranked shortlist of products with plain-language explanations of why each suits the individual's acoustic and aesthetic context, without exposing raw specifications. The AI operates entirely in software and leaves no dependency on hardware firmware, preserving the physical product's longevity and repairability commitments.","","","runs\2026-08-21T13-05-39__286e19"
"case_006","baseline","1","PASS","PRE_CLIENT","Heritage Sound Mapper","CLIENT_FACING","INDIVIDUAL","MEDIUM","MEDIUM","Prospective and returning customers interacting with the Bang & Olufsen digital flagship store, prior to purchase, via browser or app on desktop and mobile surfaces","A machine learning model ingests lightweight lifestyle and aesthetic signals gathered through a short, visually rich onboarding sequence—room photography, music taste indicators, and spatial use-case selections—and maps these against a curated taxonomy of Bang & Olufsen's historic sound-tuning signatures and material palettes. The model outputs a ranked product recommendation set accompanied by plain-language explanations that translate high-fidelity acoustic specifications into experiential language meaningful to non-audiophile segments such as Gen Z and Careerists. Crucially, the AI operates entirely within the digital discovery layer and writes no firmware or parametric adjustments to the physical product, preserving hardware integrity and avoiding accelerated obsolescence. Sound calibration remains an organic, owner-controlled feature of the device itself.","","","runs\2026-08-21T13-05-46__9aa4dd"
"case_006","baseline","2","PASS","PRE_CLIENT","Acoustic Portrait","CLIENT_FACING","INDIVIDUAL","HIGH","MEDIUM","Prospective buyer on the digital flagship store, during the product discovery phase, via an interactive browser-based module","A machine-learning model ingests lightweight inputs the visitor provides voluntarily—listening environment dimensions, dominant materials in the room, typical listening genres, and a short aesthetic preference selector drawn from curated visual and material references. It then maps this profile against Bang & Olufsen's documented sound-tuning heritage and current product acoustic signatures to surface a ranked, narrative-led product recommendation. Crucially, the AI runs entirely in the discovery layer and writes no persistent logic into the hardware; the physical product remains unchanged and firmware-independent, preserving longevity and modularity commitments.","","","runs\2026-08-21T13-05-55__51bd43"
"case_007","full","0","PASS","AT_BACKSTAGE","Provenance Signal Layer","BACKSTAGE","COHORT","LOW","LOW","Reservations and guest relations staff, during the active stay or journey, via an internal operations dashboard invisible to the guest","During a guest's encounter—whether aboard a historic train or within a landmark property—the system continuously cross-references real-time occupancy, asset condition logs, and historical provenance records to surface contextually accurate, narratively rich information about the specific cabin, suite, or artifact the guest is currently occupying. When a steward or concierge is about to engage a guest, the dashboard surfaces a discrete, human-readable brief: the documented history of that exact sleeping compartment, the provenance of a painting in the suite, or a record of notable prior occupants of that room. The AI does not generate synthetic stories; it authenticates and retrieves from verified archival and property management sources, flags any discrepancies in asset records, and sequences the information by narrative relevance rather than chronological order. Staff receive this as a pre-interaction prompt, read it, and then deliver the detail in their own voice and at their own discretion. The system also monitors asset utilization patterns across the portfolio in the background, alerting operations managers when a historically significant but underutilized space or route segment is approaching a booking window where a well-matched guest cohort is already in-house, enabling proactive but unhurried staff-led conversation rather than automated outreach.","D2;D5;D1;D3","The core problem is squarely about how Belmond relates to individual clients: improving the relevance of what is offered to whom, deepening relationship quality, and lifting booking conversion by tailoring itineraries and outreach to each guest's preferences and history—all while preserving the brand's human-led, emotionally resonant identity. This is a classic personalisation challenge, not an operational or supply-chain issue. The dimensional profile reinforces the fit: the strict scenic-invisibility requirement, emotional value orientation, and strong symbolic orchestration control all point to a context where backstage AI-driven personalisation can meaningfully improve client experience and commercial outcomes without surfacing as visible technology. The tension the brief articulates—between data-driven relevance and the perception of organic, unhurried curation—is precisely the kind of nuanced personalisation design problem this system is built to address.","runs\2026-08-21T13-06-02__e656ac"
"case_007","full","1","PASS","AT_BACKSTAGE","Provenance Continuity Engine","BACKSTAGE","SEGMENT","LOW","LOW","Reservations staff and property operations teams, during an active guest stay, accessed through an internal dashboard invisible to guests","The system continuously cross-references live inventory states—cabin availability, suite condition logs, dining reservation gaps, excursion capacity—against authenticated provenance records for each asset: rolling stock maintenance histories, heritage room restoration records, and seasonal route certifications. When a discrepancy arises (a cabin returned to service after repair, a suite freed by a cancellation, a restored dining car re-certified), the AI flags it internally with a structured briefing note that includes the asset's documented history and current authenticated status. This note is routed to the relevant reservations or concierge team member, who decides whether and how to act on it. The AI does not draft guest communications, does not trigger any client-facing action autonomously, and does not rank guests against each other. It functions solely as a real-time authentication and inventory-coherence monitor that surfaces operationally relevant facts to human staff before those staff exercise their own judgment about service adjustments.","D2;D5;D1;D3","The core problem described is fundamentally about how Belmond relates to individual clients: improving the relevance and quality of what is offered to whom, deepening relationship depth through tailored itinerary suggestions, and increasing booking conversion by ensuring the right experience reaches the right guest at the right moment. This is a classic personalisation challenge—differentiating the offering per client to strengthen engagement and retention—rather than an operational or supply-chain problem. The additional complexity of maintaining scenic invisibility (keeping AI backstage behind human-led interactions) and preserving the brand's emotional, unhurried identity makes this an especially rich personalisation brief, not a disqualifying factor. The tension between algorithmic intelligence and the 'Slow Luxury' ethos is precisely the kind of nuanced personalisation design question the system is built to address.","runs\2026-08-21T13-06-52__849642"
"case_007","full","2","PASS","AT_BACKSTAGE","Provenance Signal Layer","BACKSTAGE","COHORT","LOW","LOW","Reservations and property operations staff, during active guest stays and pre-arrival preparation, via internal inventory and briefing dashboards invisible to guests","The system continuously monitors the condition, occupancy history, and provenance documentation of each physical asset across the portfolio—specific train compartments, named hotel suites, heritage furnishings, archival itineraries—and surfaces structured intelligence to human staff before and during each stay. When a suite has a documented guest history of cultural significance, when a particular train route segment has anomalous availability due to a cancellation, or when a compartment's original fittings have recently been restored, the system flags this to the reservations team and the on-property host. Staff then decide, through their own curatorial judgment, whether and how to incorporate that context into the guest encounter—a quiet mention during turndown, a handwritten card referencing the room's past, a route adjustment framed as a spontaneous discovery. The AI does not generate guest-facing language, does not contact guests, and does not act on inventory autonomously. It functions as a structured memory and pattern-recognition layer that keeps the human team informed about what each asset actually is and what is happening to it in real time, so that the staff's hospitality performance is grounded in accurate, rich provenance rather than generic property descriptions.","D1;D2;D5","The core problem is fundamentally about how Belmond relates to individual clients: improving the relevance and quality of what is offered to whom, deepening relationship depth through tailored itinerary suggestions, and converting interest into bookings by understanding each client's preferences and travel history. While there is an operational dimension (asset utilization), the brief frames this as a downstream benefit of better client-level relevance rather than a pure inventory optimization exercise. The challenge of doing this without undermining the human-led, emotionally resonant brand identity is itself a personalisation design problem—specifically, how to calibrate the visibility, tone, and delivery mechanism of personalised recommendations so they feel organic and curator-led rather than algorithmic. The dimensional profile (strict scenic invisibility, emotional value orientation, UNM motivation, strong symbolic control) further confirms that this is a nuanced personalisation challenge requiring careful orchestration, not an operational or authentication problem that should be refused.","runs\2026-08-21T13-07-30__d876da"
"case_007","minus_critic","0","PASS","AT_BACKSTAGE","Provenance Signal Layer","BACKSTAGE","COHORT","LOW","LOW","Reservations advisors and operations staff, during active bookings and pre-arrival preparation, through an internal dashboard invisible to the client","The AI continuously monitors real-time inventory state across all properties and train routes, cross-referencing occupancy patterns, seasonal asset availability, and historical booking sequences to surface inventory intelligence to reservations staff. Specifically, it flags when a particular cabin configuration, suite, or route segment is approaching genuine scarcity thresholds, and authenticates the provenance and condition status of specific heritage assets—identifying, for instance, which sleeping car was restored to a particular period specification, or which suite retains original architectural features—so that advisors can communicate with accuracy rather than approximation. When an advisor is mid-conversation with a guest, the system provides a quiet alert indicating the true availability window and any asset-specific provenance notes relevant to what the guest has expressed interest in. The advisor then decides what to communicate, how to frame it, and whether the scarcity signal strengthens or complicates the recommendation. No output reaches the client directly; every data point is translated through the advisor's judgment and voice.","D1;D2;D5","The problem is fundamentally about how Belmond relates to individual clients: improving booking conversion by making outreach and itinerary suggestions more relevant to each guest, deepening relationship quality through proactive and tailored communication, and doing so in a way that preserves the brand's human-led, emotionally resonant identity. This is a classic personalisation challenge—differentiating the offering per client to increase relevance and conversion while maintaining experiential consistency. The operational dimension (asset utilisation) is a downstream benefit of better matching the right client to the right experience at the right time, which is itself a personalisation task. The strict scenic-invisibility and emotional-led orientation add important design constraints but do not change the nature of the problem; they simply require that personalisation be delivered backstage, mediated through human advisors rather than exposed algorithmically. All five dimensions confirm a use case where personalisation can meaningfully address the stated difficulty.","runs\2026-08-21T13-08-13__9f6f15"
"case_007","minus_critic","1","PASS","AT_BACKSTAGE","Provenance Signal Layer","BACKSTAGE","COHORT","LOW","LOW","Reservations and guest relations staff, during live booking and pre-arrival workflows, through an internal dashboard surface invisible to the guest","During the active booking encounter, the system continuously cross-references the property or train route being discussed against a structured provenance corpus—historical records, conservation status, seasonal operational constraints, and verified occupancy patterns across the fixed asset portfolio. When a staff member is mid-conversation with a prospective guest, the system surfaces authenticated scarcity signals in real time: which specific cabin, suite, or departure is genuinely rare in the calendar window under discussion, whether a property is under partial conservation restriction that limits available rooms, and which itinerary combinations have never been offered to this guest cohort before. The output is a plain internal alert—a short text flag with a cited source—that the human advisor reads and decides whether and how to weave into the conversation. The AI does not compose language for the guest, does not generate narrative, and does not trigger any guest-facing communication. It functions solely as an authenticated inventory and provenance verification engine, ensuring that when a staff member describes a room or route as rare or historically significant, that claim is grounded in verified operational and archival fact rather than impression.","D1;D2;D5","The problem described is fundamentally about how Belmond relates to individual clients—improving booking conversion through more relevant, tailored outreach and itinerary suggestions, deepening relationship quality via proactive human-led engagement informed by client data, and optimising asset utilisation by matching the right guests to the right experiences at the right time. These are classic personalisation challenges: understanding individual preferences, anticipating needs, and differentiating the offering per client to increase both relevance and conversion, all while preserving the brand's distinctive experiential identity. The operational dimension (asset utilisation) is a downstream benefit of better client-experience matching rather than a standalone logistics problem. The dimensional profile—strict scenic invisibility, emotional consumption values, strong symbolic orchestration control—adds meaningful constraints that shape how personalisation should be designed, but they do not negate the personalisation need; they define its boundaries. This is a well-suited case for personalisation strategy.","runs\2026-08-21T13-08-49__a10d44"
"case_007","minus_critic","2","PASS","AT_BACKSTAGE","Provenance Pulse","BACKSTAGE","COHORT","LOW","LOW","Reservations advisors, during live booking conversations and pre-arrival briefing sessions, through an internal dashboard invisible to the client","The system continuously monitors real-time inventory states across heritage properties and train routes—tracking cabin configurations, suite availability windows, seasonal operational constraints, and historically low-utilization periods—and cross-references this against anonymized booking pattern data and property-specific provenance records (restoration histories, architectural significance, past notable occupancies). When a reservations advisor opens a client file during or before an encounter, the system surfaces a ranked shortlist of available inventory that is both genuinely scarce in that moment and narratively coherent with the property's authenticated heritage story. It does not generate client-facing language or recommendations; it produces a structured internal brief—available inventory ranked by scarcity pressure, paired with verified provenance notes the advisor can draw on at their discretion. The advisor decides what to surface, how to frame it, and when to introduce it. The system also flags inventory at risk of underutilization within a rolling window, allowing advisors to proactively shape conversations toward those assets without any algorithmic prompt reaching the client.","D2;D5;D1;D3","The core problem described is fundamentally about how Belmond relates to individual clients: improving the relevance and quality of what is offered to whom, deepening relationship continuity across a portfolio of scarce properties, and converting interest into bookings through more tailored, human-mediated outreach. This is a classic personalisation challenge—using client intelligence to ensure that the right itinerary, property, or experience is surfaced to the right guest at the right moment, while preserving the brand's emotional identity. The operational constraint (finite historic assets) provides context but is not itself the problem being solved; the problem is matching client desires to those assets in a way that feels organic and relationship-driven rather than transactional. The strict scenic invisibility and emotional-led orientation add design constraints but do not disqualify the use case—they shape how personalisation should be implemented, not whether it is appropriate. Personalisation directly addresses the stated difficulties of booking conversion, client relevance, and experience consistency.","runs\2026-08-21T13-09-27__ce1b1b"
"case_007","minus_loop","0","PASS","AT_BACKSTAGE","Provenance Pulse","BACKSTAGE","COHORT","LOW","LOW","Reservations and property operations teams, during an active guest stay or confirmed booking, via an internal dashboard surfaced only to staff","The AI continuously monitors the live operational state of each heritage asset—cabin availability on a sleeper train mid-route, suite condition flags at a historic property, scheduled maintenance windows, seasonal access constraints on heritage-listed spaces—and cross-references this against the authenticated provenance record of each asset (original construction dates, restoration history, heritage classification, documented prior guests where archivally verified). When a constraint or opportunity arises—a cabin unexpectedly freeing up, a heritage room becoming available due to a cancellation, a restoration completing ahead of schedule—the system surfaces a concise internal alert to the relevant human team member. The alert includes the asset's provenance context and a plain-language note on which current guests, based on their booking history and stated preferences already held in the CRM, have the closest alignment to that asset's character. No recommendation is transmitted to the guest. The human reservations or guest relations team member decides whether to act, how to frame the conversation, and what tone to use. The AI does not draft guest-facing language and does not trigger any automated outreach.","D2;D5;D1;D3","The problem is fundamentally about how Belmond relates to individual clients—improving booking conversion and asset utilization by delivering more relevant, tailored itineraries and outreach to each prospective guest, while preserving the brand's human-led, emotionally resonant identity. This is a classic personalisation challenge: using client intelligence to deepen relationship relevance, increase the quality and consistency of the client experience, and drive conversion and retention. The dimensional profile reinforces that the personalisation must be scenically invisible, emotionally led, and filtered through human curatorial judgment, all of which are design constraints for a personalisation concept rather than reasons to refuse one. The problem is not operational (authentication, supply chain, sizing) but relational, making personalisation an appropriate and well-matched strategic lever.","runs\2026-08-21T13-10-04__68ba44"
"case_007","minus_loop","1","PASS","AT_BACKSTAGE","Provenance Signal Layer","BACKSTAGE","COHORT","LOW","LOW","Reservations and property operations teams, during live guest stays and active booking windows, via an internal dashboard surfaced only to staff","The AI continuously cross-references the current occupancy state of each property or train route against its documented heritage record—room histories, route archives, restoration logs, original fixture provenance—and flags, in real time, which assets are being used, how rarely they turn over, and what authenticated historical detail is attached to the specific cabin, suite, or itinerary segment a guest is currently experiencing. When an asset is in active use, the system generates a structured provenance brief—plain factual notes, not scripted copy—that the on-property team can draw on if a moment arises where sharing that detail would feel natural. The AI does not initiate guest contact, does not generate guest-facing text, and does not score or rank guests. It acts solely as a living index of asset authenticity, making accurate heritage information retrievable by staff at the moment it is most relevant rather than buried in static property manuals.","D1;D2;D5","The problem described is fundamentally a personalisation challenge: Belmond wants to deepen how it relates to individual clients by tailoring itinerary suggestions, improving the relevance of outreach, and increasing booking conversion through better understanding of each guest's preferences and travel history—all while preserving the brand's human-led, emotionally resonant identity. This is not an operational or authentication problem; it sits squarely in the domain of client relationship depth, relevance of offering, and experience consistency. The dimensional profile further confirms suitability: the strict scenic invisibility requirement, emotional value orientation, and strong symbolic orchestration control all point to a nuanced personalisation brief where the real design challenge is making AI-driven relevance feel organic and human rather than engineered. Personalisation directly addresses the stated tension between data-driven optimisation and the 'Slow Luxury' ethos, making this an appropriate problem for the system to engage with.","runs\2026-08-21T13-10-46__c7a373"
"case_007","minus_loop","2","PASS","AT_BACKSTAGE","Provenance Pulse","BACKSTAGE","INDIVIDUAL","LOW","LOW","Internal reservations and guest relations staff, accessed through their existing property management interface during live guest stays, at the moment a room, cabin, or suite is occupied","The AI continuously cross-references real-time occupancy data against the authenticated provenance records of each physical asset—cabin fittings, suite furnishings, art pieces, architectural features—and surfaces contextually relevant heritage notes to the assigned staff member's internal dashboard. When a guest is confirmed in a specific space, the system identifies which documented stories, restoration histories, or object biographies attached to that exact room are most likely to resonate given what the reservations file already holds about that guest's expressed interests, prior stays, and conversation history. It does not generate guest-facing content, compose messages, or trigger automated outreach. It produces a short internal briefing—two or three factual prompts—that the staff member can choose to weave into conversation, a handwritten note, or a guided moment at their own discretion. The AI also flags any provenance gaps or authentication anomalies in the asset record for curatorial review, ensuring the heritage narrative staff deliver is accurate and defensible.","D2;D5;D3;D1","The problem is fundamentally about how Belmond relates to individual clients—improving the relevance and timing of what is offered to whom, deepening relationship quality through tailored itinerary suggestions, and lifting booking conversion by making outreach more personally resonant, all while preserving the brand's human-led character. This is a classic personalisation challenge: using client data and predictive insight to help reservations teams curate experiences that feel organic and individually meaningful rather than generic. The operational dimension (asset utilisation) is a downstream benefit of better client-experience matching, not the core problem. The dimensional profile—strict scenic invisibility, emotional value orientation, inconspicuous-luxury motivation, and strong symbolic control—further confirms that the real difficulty lies in calibrating personalisation so it enhances rather than undermines the brand's intimate, unhurried identity. Personalisation directly addresses the stated tension and is an appropriate lens for concept development.","runs\2026-08-21T13-11-24__5e4fbb"
"case_007","llm_bands","0","PASS","AT_BACKSTAGE","Provenance Pulse","BACKSTAGE","COHORT","LOW","LOW","Reservations and guest experience staff, during an active stay or journey, via an internal operations dashboard invisible to the guest","The AI continuously monitors the real-time status of heritage assets during the encounter—cabin conditions on sleeper trains, room-specific histories and objects in historic properties, scheduled maintenance windows, and the provenance records of furnishings, artworks, and route landmarks. When an anomaly arises (a heritage object temporarily removed for conservation, a scheduled route deviation, a cabin with a documented provenance story newly surfaced) the system flags the condition to the on-duty human team with a plain-language brief: what has changed, what the authentic story behind it is, and which guests in the current manifest have profiles suggesting they would find it meaningful rather than disruptive. The human team decides whether and how to act—whether to proactively reframe the situation as a discovery, arrange a substitution, or simply note it for post-stay follow-up. The AI does not contact guests, does not generate guest-facing language, and does not execute any action autonomously. It functions as a continuously updated inventory and provenance ledger that surfaces operationally relevant heritage context precisely when it is needed during the encounter, so that human staff can respond with informed fluency rather than improvisation.","D2;D5;D1;D3","The problem is fundamentally about how Belmond relates to individual clients—improving the relevance of what is offered to whom, deepening relationship quality, and increasing booking conversion through tailored itinerary suggestions and proactive outreach. This is a classic personalisation challenge: using client data to surface the right property, route, or experience for each guest while preserving the brand's human-led, unhurried character. The operational dimension (asset utilization) is a downstream benefit of better client-experience matching, not the core problem. The dimensional profile—strict scenic invisibility, emotional value orientation, UNM motivation, and strong symbolic control—makes this an especially well-suited case for backstage personalisation that enhances the human advisor's ability to curate without the client ever perceiving algorithmic mediation.","runs\2026-08-21T13-12-12__73b3a2"
"case_007","llm_bands","1","PASS","AT_BACKSTAGE","Provenance Continuity Engine","BACKSTAGE","COHORT","LOW","LOW","Reservations and guest relations teams, during active stays and live bookings, accessed through an internal advisor dashboard invisible to the guest","The system continuously ingests operational data across the property and train estate — cabin occupancy patterns, suite booking histories, maintenance and restoration records, seasonal route load factors, and documented heritage asset conditions — and surfaces two outputs exclusively to human advisors: first, real-time flags when a specific cabin, suite, or itinerary pairing has an authenticated provenance story that is contextually relevant to the guest's known travel history or expressed interests; second, quiet yield signals that indicate when an underutilised asset can be offered as a natural upgrade or extension framed through its heritage narrative rather than its availability. No output is ever delivered directly to the guest. Every flag is a prompt for a human conversation, not a templated message. The system also maintains a provenance ledger — cross-referencing restoration logs, archival records, and prior guest encounters with specific assets — so that advisors can speak accurately about the physical history of the room or carriage a guest is occupying, without relying on generic copy.","D1;D2;D5","The core problem described is fundamentally about how Belmond relates to individual clients: improving the relevance of what is offered to whom, deepening relationship quality, increasing booking conversion through better-tailored outreach, and doing so in a way that preserves the brand's distinctive human-led experience. This is a classic personalisation challenge—using client knowledge to make interactions more meaningful and contextually appropriate, while respecting strict scenic invisibility and emotional value constraints. The operational dimension (asset utilization) is a downstream benefit of getting the client-facing personalisation right, not the primary problem. The brief's tension between data-driven relevance and organic, unhurried hospitality is precisely the kind of nuanced personalisation design question the system is built to address.","runs\2026-08-21T13-13-03__63233a"
"case_007","llm_bands","2","PASS","AT_BACKSTAGE","Provenance Signal Engine","BACKSTAGE","COHORT","LOW","LOW","Reservations staff, during live booking conversations and pre-arrival preparation, via an internal dashboard invisible to the client","The AI continuously monitors real-time inventory states across the portfolio—specific cabins on train routes, named suites in historic properties—cross-referencing each unit's current availability window against its documented provenance attributes: architectural period, restoration history, notable prior occupants, seasonal light conditions, and associated archival materials held in-house. When a reservations agent is mid-conversation with a prospective guest, the system surfaces a ranked shortlist of two or three units whose objective characteristics best align with signals the agent has already captured about that guest's interests. The output is a structured internal brief: a factual summary of each unit's provenance narrative, a note on why the window is genuinely constrained (e.g., a specific cabin is occupied for all but four nights in a given month), and any cross-property connections that a knowledgeable agent could weave into a coherent itinerary story. The AI does not generate client-facing language, does not send communications, and does not act on its outputs. The agent reads the brief, applies their own curatorial judgment, discards what does not fit the conversation, and translates what remains into their own words and pacing. Inventory lock and provisional hold are also triggered through the agent, not the system.","D2;D5;D1;D3","The core problem described is fundamentally about how Belmond relates to individual clients: improving booking conversion through more relevant, tailored outreach and itinerary suggestions, deepening relationship quality by equipping human reservations teams with richer client intelligence, and optimizing asset utilization by matching the right guests to the right experiences at the right time. These are classic personalisation challenges—differentiating the offering per client to increase relevance, conversion, and retention—rather than operational or supply-chain issues. The additional constraint of maintaining scenic invisibility and the brand's 'Slow Luxury' identity makes this a nuanced personalisation problem, but it remains a personalisation problem nonetheless. The brief explicitly envisions AI-driven CRM feeding intelligence to human staff so they can deliver more contextually appropriate, individually resonant experiences, which is the definition of backstage personalisation in service of relationship depth.","runs\2026-08-21T13-13-50__cf39c2"
"case_007","baseline","0","PASS","PRE_ADVISOR","Silent Curator","BACKSTAGE","INDIVIDUAL","LOW","HIGH","Reservations and travel advisors, in the days before proactive client outreach, via an internal CRM intelligence layer","The AI ingests structured client data—past itineraries, cabin and suite preferences, dining records, seasonal travel patterns, stated interests, and ancillary spend—and generates a ranked, narrative-form briefing for each advisor ahead of a planned outreach call or email. The briefing surfaces one or two specific multi-modal itinerary combinations most likely to resonate with that client, explains the reasoning in plain language (e.g. 'Mr and Mrs Okafor have taken three winter rail journeys and consistently upgraded to private dining; the new Villeggiatura Dolomites departure in February aligns closely'), flags optimal timing and channel, and notes conversation topics that humanise the contact—a preferred wine region, an anniversary, a previous property memory. The AI produces no client-facing output and sends no automated communications. Every outreach remains composed and delivered by a human advisor who can accept, adapt, or discard the suggestion entirely.","","","runs\2026-08-21T13-14-36__ede0cd"
"case_007","baseline","1","PASS","PRE_ADVISOR","Silent Curator","BACKSTAGE","INDIVIDUAL","LOW","HIGH","Reservations and clienteling teams, during pre-contact planning sessions, via an internal advisor dashboard surfaced before any client outreach is initiated","The AI ingests CRM data, past booking histories, stated and inferred preferences, seasonal demand signals, and current inventory across trains, properties, and lodges. It silently generates a ranked shortlist of itinerary combinations—such as a Villeggiatura by Train pairing followed by a specific lodge stay—most likely to resonate with a given high-net-worth client. It surfaces these as structured briefing notes for the reservations advisor, including a plain-language rationale for each suggestion and flagged conversation starters rooted in the client's known interests. The advisor then exercises full editorial discretion over what to present, how to frame it, and when to reach out, preserving the appearance and reality of human-led, instinctive curation.","","","runs\2026-08-21T13-14-46__fad1f8"
"case_007","baseline","2","PASS","PRE_ADVISOR","Silent Curator","BACKSTAGE","INDIVIDUAL","LOW","HIGH","Reservations and clienteling teams, during pre-outreach preparation, via an internal advisor dashboard surfaced before any client contact is initiated","The AI ingests CRM data, past booking histories, stated and inferred preferences, seasonal availability, and load factors across trains, properties, and cruises. It generates a ranked, narrative-style briefing for each reservations advisor—framing potential itinerary combinations as human-readable story prompts rather than algorithmic outputs. For example, it might surface that a specific client who last travelled the Eastern & Oriental Express and dined at Hotel Cipriani in autumn would likely respond to the Villeggiatura by Train series departing from Venice in September, cross-referenced with their noted preference for wine-focused experiences and low-stimulation itineraries. The advisor receives this as a curated conversation guide, not a script, preserving discretion over what to share, how to frame it, and when to reach out. The AI never contacts the client directly and leaves no visible trace in the client-facing experience.","","","runs\2026-08-21T13-14-55__f3cc8f"
"case_008","full","0","PASS","AT_BACKSTAGE","Provenance Signal Engine","BACKSTAGE","COHORT","LOW","LOW","Internal cellar and allocation team, operating through a private inventory dashboard reviewed before any collector outreach or allocation decision is made — the client never touches or sees this surface","The system continuously ingests secondary market transaction data, auction results, and authenticated provenance records to build a living picture of how specific vintages are moving through collector hands. When a bottle or case passes through authentication — whether arriving for storage verification or being considered for allocation — the system cross-references its provenance chain against known market signals, flagging anomalies in storage history or custody gaps that would compromise the integrity of any subsequent engagement. In parallel, it maps collector activity patterns at the cohort level, grouping buyers by demonstrated cellar behaviour — holding duration, vertical completion tendency, re-entry frequency — without constructing named individual profiles that would reduce collectors to data subjects. The output is a structured briefing, produced before each allocation cycle, that surfaces which vintage parcels carry the cleanest provenance narratives and which collector cohorts are in a phase of active acquisition. This briefing is handed to the Chef de Cave's office and the allocation team as raw material. No recommendation is surfaced to a collector directly. The human team decides what to do with the signal, and any communication that follows is authored entirely in the house's own voice and timing, with no algorithmic trace visible in the outreach.","D2;D5;D1;D4","The core problem described is fundamentally about how Dom Pérignon relates to individual high-value collectors: mapping their cellar profiles, understanding their vintage preferences, personalising access to rare library releases, and tailoring invitations to experiential events based on individual engagement histories. This is a classic relationship-depth and relevance-of-offering challenge—deciding which collector receives access to which scarce allocation, and how to deepen the brand relationship without exposing the commercial logic behind those decisions. The operational dimensions (secondary market intelligence, inventory allocation optimisation) exist but serve the personalisation objective rather than standing alone; the brief's central tension is precisely about making per-client differentiation feel like curated connoisseurship rather than algorithmic commerce. The strict scenic invisibility requirement and emotional value orientation add design constraints but do not disqualify the problem—they shape how personalisation must be executed. This is an appropriate case for personalisation strategy.","runs\2026-08-21T13-15-04__7a6650"
"case_008","full","1","PASS","AT_BACKSTAGE","Provenance Signal Engine","BACKSTAGE","INDIVIDUAL","LOW","LOW","Cellar relations advisors, at the moment of preparing a vintage allocation or responding to a collector inquiry, through an internal case-management interface invisible to the client","The system continuously ingests secondary market transaction data, auction records, and authenticated transfer histories to build a provenance graph for each vintage in active inventory. When a specific bottle or parcel is being considered for allocation, the engine surfaces its chain-of-custody integrity score, flags any provenance anomalies that would compromise authenticity claims, and cross-references the collector's known cellar profile against the vintage's documented ageing trajectory. The output is a structured internal brief — not a recommendation — that the advisor reads before any client contact. The brief presents only verified factual provenance data and cellar-compatibility signals; it makes no allocation decision and proposes no client-facing language. All framing of that data into narrative, and all judgement about whether and how to extend an invitation, remains with the human advisor. The system never writes to the client record in language that could surface to the client, and no algorithmic score or ranking is retained in any document the client might request or receive.","D2;D5;D1;D3","The core problem described is fundamentally about how Dom Pérignon relates to individual high-value collectors: understanding their cellar profiles, vintage preferences, and engagement histories in order to allocate rare library releases more relevantly and deepen relationship quality. This is a classic personalisation challenge — matching scarce, differentiated inventory to specific client profiles and orchestrating bespoke experiential access. The operational dimension (secondary market intelligence) serves as an input to that personalisation rather than being the end goal itself. The constraints around scenic invisibility and symbolic orchestration control are significant design parameters but do not disqualify the problem; they shape how personalisation must be implemented (backstage, curator-mediated, narrative-consistent) rather than suggesting personalisation is inappropriate. The brief's tension — optimising collector engagement without exposing commercial machinery — is precisely the kind of nuanced personalisation design question the system is built to address.","runs\2026-08-21T13-15-46__609513"
"case_008","full","2","PASS","NON_BACKSTAGE","Harvest Signal Filter","BACKSTAGE","COHORT","LOW","LOW","Internal cellar and commercial teams, during the post-harvest allocation planning cycle, through a closed analytical dashboard accessible only to senior winemaking and distribution leadership","The AI ingests secondary market transaction data, auction results, and anonymised collector acquisition patterns to produce a ranked signal of which vintage years and bottle formats are experiencing latent demand pressure. It does not generate allocation decisions. It produces a structured briefing — stripped of algorithmic language — that identifies which segments of the existing collector base show cellar gaps consistent with a forthcoming vintage's profile. The output is delivered as a plain factual summary to the chef de cave and allocation committee, who then apply their own editorial and craft judgement to determine whether and how that intelligence informs release timing, volume held back, and which established relationships are offered access. The AI's role ends at the briefing; it has no downstream authority and no presence in any client-facing moment.","D2;D5;D1;D3","The core problem described is fundamentally about how Dom Pérignon relates to individual high-value collectors — specifically, how to optimise rare vintage allocations by mapping collector preferences, cellar profiles, and engagement histories to deliver more relevant, personalised access to library releases and invitation-only experiences. This is a classic personalisation challenge: deepening relationship quality, improving the relevance of what is offered to whom, and strengthening retention among an ultra-niche clientele. The tension the brief identifies — that the commercial logic behind such personalisation must remain invisible to preserve winemaking mystique — is a constraint on how personalisation should be implemented (backstage, scenically invisible), not a reason to reject personalisation as the appropriate lens. The problem would be materially addressed by differentiating the offering per client, and the dimensions confirm an emotional, inconspicuous-consumption audience for whom curated, individually relevant engagement would be highly valued.","runs\2026-08-21T13-16-25__95796a"
"case_008","minus_critic","0","PASS","AT_BACKSTAGE","Provenance Signal Engine","BACKSTAGE","COHORT","LOW","LOW","Cellar and allocation managers, during pre-encounter inventory review and authentication workflows, through an internal dashboard invisible to collectors","The AI continuously ingests secondary market transaction data, auction records, and authenticated provenance documentation to maintain a living map of where significant vintages are held, how they are moving, and which cellar profiles represent underserved acquisition intent. It cross-references this against the house's own allocation ledger to flag provenance gaps, authentication anomalies, and emerging concentration risks before they surface as collector complaints or grey-market exposure. When an allocation decision is being prepared, the system surfaces a ranked set of contextual signals — cellar age, acquisition cadence, holding behaviour, secondary market activity — that the allocation manager uses as one input among several. The system produces no client-facing output of any kind. All outputs are internal briefing material, written in plain operational language and reviewed by a senior brand steward before any allocation or outreach decision is acted upon. The brand steward's role is explicitly to filter the system's ranked signals through the house's curatorial logic, discarding or reweighting any signal that would reduce an allocation decision to a purely commercial act. Authentication queries — including verification of provenance chains for bottles presented at private events or submitted for re-acquisition — are processed by the same system, which compares label, cork, capsule, and fill-level data against the house's own production records without any indication to the presenting party that a machine is involved in the verification.","D2;D5;D1;D3","The core problem described is fundamentally about how Dom Pérignon relates to individual high-value collectors: understanding their cellar profiles, vintage preferences, and engagement histories in order to allocate rare vintages more relevantly and deepen relationship quality through personalised access and invitation-only experiences. This is a classic personalisation challenge — matching the right offering to the right client at the right moment — rather than an operational or supply-chain problem. The secondary market intelligence and CRM mapping are means to that personalisation end, not ends in themselves. The constraints around scenic invisibility and symbolic orchestration are significant but they shape how personalisation should be designed, not whether it is the appropriate lens. The problem would be materially addressed by differentiating the offering per client, making personalisation a genuine and well-fitted response.","runs\2026-08-21T13-17-05__f7cd42"
"case_008","minus_critic","1","PASS","AT_BACKSTAGE","Provenance Integrity Engine","BACKSTAGE","COHORT","LOW","LOW","Cellar and allocation managers, during pre-encounter preparation and active inventory review, through an internal dashboard that never surfaces to the client","The AI continuously cross-references secondary market transaction signals—auction results, resale velocity, grey-market pricing anomalies—against the house's own collector registry to build a silent provenance and custody map. When a rare vintage allocation decision is pending, the system flags custody gaps, authentication risk indicators, and storage-condition inferences derived from resale patterns, presenting these as structured alerts to the allocation team. It does not generate client-facing copy, recommendations, or scores. All output is raw operational intelligence: which bottles in circulation carry provenance ambiguity, which collector profiles show acquisition patterns consistent with speculative flipping rather than cellaring, and which lots in the house's own stock have chain-of-custody documentation that warrants reinforcement before transfer. Human curators then decide, without algorithmic prescription, how to act on those signals—whether to withhold a lot, request additional documentation, or adjust the pace of release. The AI produces no allocation decisions and issues no engagement prompts; it surfaces only the factual conditions under which the human decision-maker operates.","D2;D5;D1;D4","The core problem described is fundamentally about how Dom Pérignon relates to individual high-value collectors: understanding their cellar profiles, vintage preferences, and engagement histories to allocate rare library releases more relevantly and deepen relationship quality. This is a classic personalisation challenge—matching the right offering to the right client at the right moment—rather than an operational or supply-chain problem. The secondary market intelligence and collector CRM mapping are means to personalise access and experience, not ends in themselves. The constraints around scenic invisibility and symbolic orchestration are significant but addressable through careful concept design; they shape how personalisation should be deployed, not whether it is the right lens. The problem would be materially improved by differentiating the brand's engagement per client, making personalisation a genuine and appropriate response.","runs\2026-08-21T13-17-44__62f648"
"case_008","minus_critic","2","PASS","AT_BACKSTAGE","Provenance Integrity Engine","BACKSTAGE","COHORT","LOW","LOW","Cellar managers and allocation advisors, at the moment a high-value collector inquiry or secondary market transaction is flagged for review, through an internal provenance dashboard invisible to the client","The AI continuously ingests secondary market transaction data, auction records, and storage condition signals to build a silent provenance confidence score for each bottle or lot under consideration. When a rare vintage is being prepared for allocation or a collector's acquisition is being authenticated, the system surfaces anomaly flags — chain-of-custody gaps, temperature excursion indicators, suspicious re-entry patterns from grey market channels — directly to the internal advisor. It also cross-references the house's own collector registry to identify cellar profiles that match the storage and consumption behaviour consistent with long-term stewardship rather than speculative flipping, informing allocation sequencing without generating any client-facing output. All outputs are presented as structured internal briefing notes, not algorithmic scores, and are reviewed and reworded by a human curator before any allocation decision is communicated. The system does not contact collectors, does not generate personalised messaging, and does not surface its own existence in any client interaction.","D2;D5;D1;D4","The core problem described is fundamentally about how Dom Pérignon relates to individual high-value collectors: how it identifies them, understands their cellar profiles and vintage preferences, allocates rare releases to the right individuals, and deepens engagement through invitation-only experiences tailored to specific collector interests. This is a classic personalisation challenge — matching scarce, differentiated offerings to differentiated clients in a way that strengthens the relationship and increases relevance. The operational dimension (secondary market intelligence, allocation logistics) exists but serves the personalisation objective rather than constituting the problem itself. The significant constraint — that the commercial logic must remain scenically invisible to preserve winemaking mystique — is a design constraint on how personalisation is executed, not a reason to refuse the brief. The problem would be materially addressed by differentiating the offering per client, and the brand's strict invisibility requirement and emotional value orientation simply demand that personalisation be implemented with exceptional discretion, which is a solvable design challenge rather than a categorical mismatch.","runs\2026-08-21T13-18-31__3c0324"
"case_008","minus_loop","0","PASS","AT_BACKSTAGE","Provenance Integrity Layer","BACKSTAGE","COHORT","LOW","LOW","Cellar and allocation managers, during the physical handling and authentication of rare vintage stock prior to any collector encounter or release decision","The AI continuously cross-references internal cellar records, disgorgement logs, and lees-ageing documentation against secondary market transaction signals and collector acquisition histories. When a rare vintage or library release is being prepared for allocation, the system surfaces a silent provenance confidence score and a collector-cellar compatibility index to the allocation manager — not as a recommendation to act, but as a verification layer. The manager sees a clean internal dashboard that flags provenance anomalies, confirms authenticity chain-of-custody, and indicates whether a given collector's documented cellar conditions and acquisition pattern are consistent with long-term stewardship of the vintage in question. No output from this system is ever surfaced to the collector directly. The allocation manager uses the signal as one input among several, with final decisions remaining a human curatorial act framed entirely in the language of winemaking heritage and vintage character.","D2;D5;D1;D4","The core business problem described is fundamentally about how Dom Pérignon relates to individual high-value collectors: mapping their cellar profiles, vintage preferences, and engagement histories to allocate rare library releases and invitation-only experiences in a way that deepens the relationship and increases relevance. This is a classic personalisation challenge — differentiating what is offered to whom, strengthening client retention among top-tier collectors, and ensuring the quality and consistency of the brand experience at the individual level. The operational dimensions (secondary market intelligence, inventory allocation) are present but serve as inputs to a personalisation strategy rather than constituting the problem itself. The significant constraints around scenic invisibility and symbolic orchestration do not disqualify the use case; they shape how personalisation must be designed — backstage, curator-filtered, and narratively subordinated to the brand's winemaking mystique. The problem would be materially addressed by a system that intelligently matches rare vintages and experiential invitations to the right collectors at the right moments, making this an appropriate personalisation brief.","runs\2026-08-21T13-19-18__f2b795"
"case_008","minus_loop","1","PASS","AT_BACKSTAGE","Provenance Signal Engine","BACKSTAGE","COHORT","LOW","LOW","Cellar relations advisors, at the moment of preparing a rare vintage allocation proposal, through an internal inventory and collector intelligence dashboard invisible to the client","The system continuously ingests secondary market transaction data, auction results, and provenance chain records to build a live picture of where specific rare vintages are circulating, at what valuations, and with what authentication histories. It cross-references this against an internal collector registry that maps each account's cellar composition, acquisition cadence, and expressed preferences—never surfaced to the collector directly. When an allocation decision is being prepared, the system surfaces a ranked shortlist of collectors whose cellar profiles indicate a meaningful fit for the vintage in question, flags any provenance anomalies in bottles being considered for re-acquisition, and identifies secondary market activity that may signal a collector's readiness to deepen engagement. All outputs are delivered as structured briefing notes to the advisor, not as automated recommendations. The advisor reads, interprets, and discards what does not serve the narrative before any human contact occurs. The system does not communicate with collectors, does not generate client-facing copy, and does not automate any outreach. Its sole function is to sharpen the advisor's judgment before the encounter begins.","D2;D5;D1;D4","The core problem described is fundamentally about how Dom Pérignon relates to individual high-value collectors: mapping their cellar profiles, vintage preferences, and engagement histories to allocate rare vintages more relevantly and deepen relationship quality. This is a classic personalisation challenge—differentiating what is offered to whom, improving the relevance and exclusivity of client-facing interactions, and strengthening retention among a discerning collector base. The operational elements (secondary market intelligence, allocation optimisation) serve as inputs to the personalisation layer rather than constituting the problem itself. The additional constraint—that all algorithmic machinery must remain scenically invisible to preserve brand mystique—is a design requirement for how personalisation is implemented, not a reason to refuse the brief. The motivation profile (knowledgeable collectors seeking expert-level, cellar-specific access) and the emotional value orientation both confirm that tailoring the experience per client is central to solving the stated business problem.","runs\2026-08-21T13-19-57__030d3f"
"case_008","minus_loop","2","PASS","AT_BACKSTAGE","Provenance Signal Layer","BACKSTAGE","COHORT","LOW","LOW","House allocation managers and cellar archivists, at the moment of authenticating and routing rare vintage stock prior to any client encounter, through an internal inventory dashboard invisible to clients","The AI continuously cross-references secondary market transaction records, auction provenance chains, and storage-condition data against the house's own cellar ledgers to flag authentication anomalies, identify bottles with compromised or unverifiable provenance, and surface gaps or duplications in the documented custody chain. It produces a provenance confidence score for each lot, annotated with specific chain-of-custody discrepancies, which the archivist reviews and either accepts or overrides before the bottle is cleared for allocation. The system also passively maps which collector accounts have historically received allocations of specific vintages, so that when a cellar manager is preparing a release, they can see whether a given bottle would duplicate or complement what a collector already holds—without the system making any allocation recommendation itself. All outputs are internal working documents; the collector sees only the human-authored allocation letter and the authenticated bottle.","D2;D5;D1;D4","The core problem described is fundamentally about how Dom Pérignon relates to individual high-value collectors: understanding their cellar profiles, vintage preferences, and purchase histories to allocate rare library releases more relevantly and to deepen engagement through tailored experiential invitations. This is a client-relationship and relevance-of-offering problem, not an operational or supply-chain issue. The secondary market intelligence and CRM mapping are means to personalise which collectors receive access to which vintages—a classic allocation-personalisation challenge in ultra-luxury. The significant constraint around scenic invisibility and symbolic orchestration does not disqualify the use case; rather, it shapes how personalisation must be designed (entirely backstage, filtered through the Chef de Cave narrative, never exposing algorithmic logic to the client). The problem is well-suited to a personalisation concept that respects the brand's strict dramaturgical requirements while materially improving the depth and relevance of individual collector relationships.","runs\2026-08-21T13-20-37__45fe2f"
"case_008","llm_bands","0","PASS","AT_BACKSTAGE","Provenance Sentinel","BACKSTAGE","INDIVIDUAL","LOW","LOW","Cellar relations advisors, at the moment of authentication and allocation decision, through an internal case management interface invisible to the collector","The AI continuously cross-references the house's cellar ledger, secondary market transaction signals, and collector acquisition histories to flag provenance anomalies — storage condition gaps, chain-of-custody breaks, suspected grey-market diversion — before a bottle or case is confirmed for release or transfer. It also surfaces quiet signals about a collector's cellar maturity and acquisition cadence, allowing the advisor to judge whether a forthcoming vintage release is appropriate for that individual without exposing any algorithmic rationale. All outputs are presented as structured advisory notes to the human advisor, who exercises full discretion over whether and how to act. No output reaches the collector in any form; the advisor translates relevant judgement into natural conversation or a handwritten allocation letter.","D2;D5;D1;D4","The core business problem described is fundamentally about how Dom Pérignon relates to individual high-value collectors — specifically, how to deepen relationship relevance by matching rare vintage allocations to specific collector profiles, cellar histories, and vintage preferences, and how to engage these clients through personalised invitations and experiential access. This is a classic personalisation challenge: differentiating the offering per client to improve relationship depth, relevance, and retention among the brand's most valuable audience. The tension the brief identifies — preserving winemaking mystique while deploying algorithmic intelligence — is a design constraint on how personalisation should be implemented (invisibly, subordinated to brand narrative), not a reason to reject personalisation as the appropriate strategic lever. The dimensional profile reinforces this: strict scenic invisibility, emotional value orientation, and inconspicuous luxury motivation all point to a personalisation solution that must be carefully orchestrated but is nonetheless the right category of intervention for the stated problem.","runs\2026-08-21T13-21-16__c5846b"
"case_008","llm_bands","1","PASS","NON_BACKSTAGE","Harvest Signal Filter","BACKSTAGE","SEGMENT","LOW","LOW","Cellar and winemaking teams interact with an internal analytical layer during the post-harvest assessment and pre-release planning cycle, accessed through existing internal reporting tools with no dedicated AI interface surfaced to any client-facing role","The system ingests secondary market transaction data, auction lot performance, and collector acquisition patterns to produce anonymised, aggregated vintage appetite signals. These signals are delivered as structured inputs to the chef de cave's planning team before vintage declaration decisions are finalised. The output is a single curated briefing document per planning cycle, translated by an internal analyst into language aligned with the house's winemaking narrative before it reaches any human who communicates externally. The AI never touches allocation lists, collector identities, or client communications. Its sole function is to inform how much of a given vintage to hold in reserve versus release, and in what sequence, based on latent collector demand — decisions that are then owned entirely by the winemaking and heritage team and framed publicly through the house's established artistic vocabulary.","D1;D2;D5","The core problem described is fundamentally about how Dom Pérignon relates to individual high-value collectors: how it identifies them, understands their preferences and cellar profiles, allocates rare vintages to the right individuals, and deepens engagement through personalized access to library releases and invitation-only experiences. This is a classic personalisation challenge — matching scarce, differentiated offerings to specific clients based on their individual profiles and relationship history, while preserving the emotional and symbolic dimensions of the brand. The operational elements mentioned (secondary market intelligence, CRM mapping) are means to a personalisation end, not standalone operational problems like authentication or supply chain integrity. The significant constraint — that any personalisation logic must remain scenically invisible so as not to undermine the house's winemaking mystique — is itself a personalisation design challenge rather than a reason to refuse. The problem would be materially addressed by differentiating the offering per client, making this an appropriate case for personalisation strategy development.","runs\2026-08-21T13-22-01__ca8165"
"case_008","llm_bands","2","PASS","AT_BACKSTAGE","Provenance Signal Engine","BACKSTAGE","COHORT","LOW","LOW","The cellar master or allocation advisor, at the moment of preparing a collector outreach or responding to an acquisition inquiry, through an internal case management interface invisible to the client","The system continuously ingests secondary market transaction data, auction records, and provenance documentation to maintain a living authentication and rarity index for each vintage in the library. When a collector inquiry arrives or an allocation decision is being prepared, the system surfaces a structured provenance brief to the advisor: verified ownership chain, current secondary market absorption rate for that vintage, and a flag if the bottle's documented history contains gaps that would complicate authentication. No recommendation is generated; the system produces only verified factual context. The advisor reads this brief privately before any client contact, then exercises independent curatorial judgment about whether and how to proceed. The client receives no signal that the brief exists. All outputs are written in plain archival language, not scored or ranked, to prevent the advisor from treating the system as a decision engine rather than a reference.","D2;D5;D1;D4","The core problem described is fundamentally about how Dom Pérignon relates to individual high-value collectors: understanding their cellar profiles, vintage preferences, and engagement histories in order to allocate rare library releases more relevantly and deepen long-term relationships. This is a classic personalisation challenge—matching the right offering to the right client at the right moment—rather than an operational or supply-chain problem. The secondary market intelligence and CRM mapping serve the goal of differentiating the brand's outreach per collector, improving relevance, relationship depth, and retention among its most valuable clientele. The tension around preserving mystique is a design constraint on how personalisation should be implemented (invisibly, behind the scenes), not a reason to reject personalisation as the appropriate lens. All five dimensions reinforce that the solution must be a discreet, emotionally sensitive, backstage personalisation architecture—precisely the kind of challenge this system is designed to address.","runs\2026-08-21T13-22-52__c14096"
"case_008","baseline","0","PASS","PRE_BACKSTAGE","Cellar Oracle","BACKSTAGE","INDIVIDUAL","LOW","HIGH","Internal sales and relationship teams consult a proprietary intelligence dashboard prior to any collector outreach or allocation decision, with no direct client-facing surface","AI ingests global auction records, secondary market transaction volumes, bid patterns, and publicly available collector sentiment signals to build continuously updated profiles of high-value collectors, mapping their inferred cellar composition, vintage affinity, and acquisition cadence. The system surfaces ranked recommendations for which collectors should receive proactive contact about library releases or invitation-only events, and flags emerging secondary market appreciation trends for mature vintages such as Plénitude 2. All outputs are framed as advisory signals for human relationship managers, who exercise final judgement on outreach timing, tone, and offer.","","","runs\2026-08-21T13-23-39__e52391"
"case_008","baseline","1","PASS","PRE_BACKSTAGE","Cellar Intelligence Oracle","BACKSTAGE","INDIVIDUAL","LOW","HIGH","Internal sales and CRM teams, prior to any client engagement, working within a proprietary dashboard that aggregates secondary market signals and collector profile data","AI models continuously ingest global auction results, secondary market transaction volumes, provenance records, and collector sentiment signals to build dynamic appreciation curves for mature vintages including P2. The system cross-references these curves against an internal collector registry, inferring cellar composition, vintage affinity, and acquisition cadence for each high-value contact. It then surfaces ranked outreach recommendations to sales advisors, flagging which collectors are statistically most likely to respond to a library release offer or an invitation-only experience, and at what moment in the secondary price cycle that approach will feel most resonant rather than transactional.","","","runs\2026-08-21T13-23-46__021d0d"
"case_008","baseline","2","PASS","PRE_BACKSTAGE","Cellar Oracle","BACKSTAGE","INDIVIDUAL","LOW","HIGH","Internal sales and client relations teams consult a secure dashboard before outreach cycles, prior to any collector contact","AI ingests global auction house records, secondary market transaction data, lot provenance signals, and bid velocity across mature vintages to build continuously updated collector profiles. It surfaces which individuals hold significant positions in specific vintages, flags when secondary appreciation patterns suggest a collector may be receptive to a library release conversation, and ranks outreach priority by cellar affinity and purchasing cadence. No output is shared directly with collectors; it feeds advisor judgment only.","","","runs\2026-08-21T13-23-52__0237b5"
"case_009","full","0","PASS","AT_BACKSTAGE","Provenance Signal Layer","BACKSTAGE","COHORT","LOW","LOW","The dealership advisor, during a private client encounter, accessing an internal dashboard before and during the meeting — the client never sees or interacts with this surface","The AI continuously ingests structured provenance and authentication data — chassis records, prior ownership chains, Maranello production documentation, service histories, and allocation ledgers — and cross-references these against the specific models under discussion in a given client encounter. It surfaces anomalies, confirms authenticity gaps, and flags provenance narratives that are incomplete or unverifiable. It also identifies which documented details carry the highest symbolic weight for a collector of the client's known acquisition history — for instance, whether a car's race lineage is formally certified or merely attributed. All outputs are delivered as a private briefing note to the advisor before the encounter begins, and as a quietly updated sidebar during it. The AI produces no client-facing artefact. The advisor decides which details to surface, in what sequence, and with what framing. Nothing is automated into the conversation.","D2;D5;D1;D3","The problem described is fundamentally about how Ferrari relates to individual ultra-high-net-worth collectors: deepening relationship quality, improving the relevance and timing of bespoke and limited-edition offers, retaining a closed-loop client base, and doing all of this without compromising the emotionally intimate, human-centred character of the brand. These are classic personalisation challenges—anticipating what to offer to whom, enriching advisor knowledge of each client's history and preferences, and ensuring consistency of experience across touchpoints. The operational constraint that AI must remain invisible behind human advisors does not disqualify the use case; it shapes how personalisation should be designed. The brief is not about authentication, supply chain, sizing, or inventory optimisation in a generic sense; it is about using client-level intelligence to strengthen individual relationships and reduce attrition among the brand's most valuable collectors. Personalisation is well-suited to address this problem.","runs\2026-08-21T13-23-58__c1ec95"
"case_009","full","1","PASS","AT_BACKSTAGE","Provenance Signal Layer","BACKSTAGE","INDIVIDUAL","LOW","LOW","The dealership advisor, during a client encounter, consulting an internal dashboard that surfaces authenticated vehicle history, allocation status, and collector-relevant context before and during conversation—never visible to the client","At the moment a specific vehicle enters discussion during a client visit, the AI cross-references that vehicle's documented provenance chain—prior custodians, competition history, factory build records, restoration authenticity markers—against the collector's known acquisition history and stated preferences held in the CRM. It surfaces a concise, ranked brief to the advisor: which provenance details are most likely to resonate with this particular collector based on their documented pattern of past purchases and expressed interests, and flags any authentication gaps or inconsistencies in the vehicle's history that require resolution before the encounter proceeds. The output is a structured internal note, not a script. The advisor reads it, discards what does not fit the live conversation, and translates the remainder into their own words and judgment. The AI does not generate client-facing language. It does not trigger any automated communication. It does not record or score the conversation as it unfolds.","D2;D5;D1;D4","The problem described is fundamentally a personalisation challenge: how to deepen and sustain one-to-one relationships with an ultra-high-net-worth collector base, anticipate individual demand for limited and bespoke models, and deliver relevance in outreach—all while preserving the emotionally intimate, human-centred character of the client experience. The tension at the heart of the brief is not operational but relational: it asks how AI-driven intelligence can enhance the quality, consistency, and anticipatory power of clienteling without surfacing algorithmic mediation to collectors who value personal passion and human camaraderie above all. Every dimension of the profile—strict scenic invisibility, emotional consumption value, inconspicuous motivation, and strong symbolic orchestration—reinforces that the solution must be a carefully designed personalisation layer that empowers human advisors rather than replacing them. This is a textbook case for personalisation strategy in the luxury context.","runs\2026-08-21T13-24-40__827ae3"
"case_009","full","2","PASS","AT_BACKSTAGE","Provenance Signal Layer","BACKSTAGE","COHORT","LOW","LOW","The client advisor, immediately before and during a collector encounter, via a secure internal dashboard visible only to the advisor","During the encounter — while a collector is present at the atelier or dealership — the system continuously cross-references the live conversation context (vehicle under discussion, allocation status, known ownership history) against a structured provenance and inventory graph. This graph maps chassis histories, prior ownership chains, documented race or competition lineage, restoration records, and current authenticated condition across the house's managed inventory and secondary market intelligence. When the advisor is discussing a specific vehicle or allocation, the system surfaces authenticated provenance facts, flags any gaps or anomalies in documentation, and identifies whether a vehicle's history carries symbolic weight — competition heritage, a notable prior custodian, a specific production sequence — that the advisor can introduce naturally into conversation. The AI does not compose talking points or scripts; it returns structured factual records with confidence scores and source references. The advisor decides which facts are worth raising, how to frame them, and when silence is more appropriate than disclosure. The system also monitors allocation pipeline data and flags if a vehicle the collector has expressed interest in is approaching a decision point, giving the advisor time to prepare rather than react. No output reaches the client in any form; all client-facing language originates with the human advisor.","D2;D5;D1;D3","The problem described is fundamentally about how Ferrari relates to individual ultra-high-net-worth collectors — deepening relationship quality, anticipating individual demand for limited and bespoke models, improving the relevance and timing of outreach, and retaining a closed-loop clientele where over 80% of sales go to existing owners. These are classic personalisation challenges: matching the right offering to the right client at the right moment, while preserving the emotional and human character of the relationship. The constraint that AI must remain scenically invisible behind human advisors adds design complexity but does not change the nature of the problem; it simply shapes how personalisation should be delivered. This is not an operational or authentication issue — it is a client relationship and experience problem that personalisation is well-suited to address.","runs\2026-08-21T13-25-20__24479b"
"case_009","minus_critic","0","PASS","AT_BACKSTAGE","Provenance Signal Layer","BACKSTAGE","INDIVIDUAL","LOW","LOW","The dealer relationship manager, in the moments immediately before and during a client encounter, via an internal advisory dashboard that is never visible to the client","During an active or imminent client encounter, the AI cross-references the collector's acquisition history, service records, and documented preferences against current inventory status and authenticated provenance data for relevant vehicles or bespoke configurations under discussion. It surfaces discrete, factual signals to the relationship manager: gaps in a collector's documented series, provenance anomalies requiring clarification, or configuration details that align with prior bespoke choices the client has made. These signals are delivered as plain informational notes, not as scripted talking points. The relationship manager decides what is relevant, how to frame it, and whether to raise it at all. The AI performs no client-facing action and generates no output that leaves the internal system.","D2;D5;D3;D4","The core business problem is squarely a personalisation challenge: Ferrari needs to deepen and sustain individual relationships with an ultra-high-net-worth collector base, anticipate each client's appetite for limited and bespoke models, and deliver relevance in outreach—all while keeping the AI layer invisible behind human-centred interactions. This is not an operational or authentication problem; it concerns how the brand relates to each client individually, the quality and consistency of the client experience, and retention of a closed, repeat-buyer community. The dimensional profile—strict scenic invisibility, emotional value orientation, inconspicuous-insider motivation, and strong symbolic control—actually makes the personalisation design more demanding, but it does not disqualify it. Rather, it defines the constraints within which a backstage personalisation system must operate. Personalisation directly addresses the stated difficulty: surfacing the right opportunity to the right collector at the right moment, through the right human intermediary, without the client ever sensing algorithmic mediation.","runs\2026-08-21T13-26-00__271e3c"
"case_009","minus_critic","1","PASS","AT_BACKSTAGE","Provenance Signal Layer","BACKSTAGE","INDIVIDUAL","LOW","LOW","The client advisor, immediately before and during a collector encounter, via an internal dashboard that is never visible to or mentioned to the collector","During the encounter—typically a factory visit, a bespoke configuration session, or a delivery ceremony—the system silently cross-references the collector's ownership history, service records, and authenticated provenance chain for vehicles they have consigned or sold, against current inventory status and forthcoming allocation windows. It flags any gaps, anomalies, or authentication questions in the provenance record of cars under discussion, and surfaces a prioritised digest of factual inventory signals: which chassis are confirmed available, which are pending authentication, and which have provenance documentation that requires advisor attention before commitment can be made. These outputs are delivered as a structured internal note to the advisor before the meeting begins, and updated silently if new authentication data arrives mid-encounter. The system does not generate conversation prompts, does not score or rank the collector, and does not propose relationship actions. It produces only verified inventory and provenance facts. The advisor decides what to say, when to say it, and how to frame it within the relational register of the conversation.","D2;D5;D3;D1","The problem described is fundamentally about how Ferrari relates to individual collectors—deepening relationship quality, anticipating what each client desires, retaining ultra-high-net-worth repeat buyers, and ensuring that the experience of being a Ferrari collector feels personally curated rather than algorithmically managed. This is a classic personalisation challenge: differentiating the brand's offering, outreach, and relational posture on a per-client basis while preserving the emotional authenticity that defines the collector-brand bond. The dimensional profile reinforces this: the strict scenic invisibility requirement means personalisation must be backstage, the emotional consumption orientation means relevance must feel organic rather than data-driven, and the UNM motivation profile means the system must respect the private, insider nature of the community. All of these are design constraints for a personalisation solution, not reasons to refuse one. The problem is not operational (authentication, supply chain, sizing) but relational, making personalisation the appropriate lens through which to address it.","runs\2026-08-21T13-26-35__dd4c4f"
"case_009","minus_critic","2","PASS","AT_BACKSTAGE","Provenance Intelligence Layer","BACKSTAGE","INDIVIDUAL","LOW","LOW","The client advisor, during a collector encounter or allocation conversation, consulting an internal briefing surface invisible to the client","At the moment a client encounter is scheduled or underway, the system silently aggregates and cross-references the provenance, authentication status, and ownership lineage of every vehicle in the collector's history alongside any current inventory candidates under consideration. It flags inconsistencies in documentation, surfaces undisclosed prior ownership chains, verifies chassis and engine number integrity against factory records, and identifies whether a candidate vehicle's history aligns with the collector's established acquisition pattern. Outputs are delivered as a structured internal briefing note to the advisor before or during the encounter — never surfaced to the client — allowing the advisor to speak with authoritative precision about a vehicle's history without revealing the source or mechanism of that knowledge. The system does not generate recommendations or personalization signals; it performs verification and synthesis of factual provenance data, which the advisor then translates into confident, human-voiced assurance.","D2;D5;D3;D1","The problem described is fundamentally about how Ferrari relates to individual ultra-high-net-worth collectors: deepening relationship quality, anticipating what each client desires in terms of limited and bespoke models, retaining the most valuable repeat buyers, and ensuring the consistency and emotional authenticity of the client experience across touchpoints. These are classic personalisation challenges—matching the right offering to the right client at the right moment, enriching advisor knowledge of individual preferences, and sustaining long-term loyalty within a closed, relationship-driven ecosystem. The added complexity of maintaining scenic invisibility (keeping AI backstage so the human-centred emotional pact is preserved) does not disqualify personalisation; it shapes how personalisation must be designed and delivered. This is not an operational problem of authentication, supply chain, or inventory mechanics; it is a relational problem where differentiating the brand's engagement per client is the core lever.","runs\2026-08-21T13-27-11__589823"
"case_009","minus_loop","0","PASS","AT_BACKSTAGE","Provenance Signal Layer","BACKSTAGE","COHORT","LOW","LOW","The dealership advisor, during a client encounter involving allocation discussion or bespoke commission, accessing a secure internal dashboard on a device the client never sees","During an active client encounter, the AI silently cross-references the house's authenticated provenance records, ownership history, and production documentation for any vehicle under discussion—whether a current allocation candidate or a collector's existing asset. It surfaces discrepancies, gaps in chain of custody, or unverified modification claims before the advisor speaks to them, and it flags which details in the vehicle's history carry the highest narrative weight for this specific collector based on their documented acquisition pattern. The advisor receives a concise, plain-language brief on a private screen: what is verified, what is uncertain, and which provenance points are worth foregrounding in conversation. No output reaches the client directly. The system does not score the client, generate a recommendation the client would recognise as personalised, or alter the visible encounter in any way. It functions purely as an authentication and contextual memory layer that allows the human advisor to speak with precision and confidence about provenance without consulting visible reference materials or pausing the conversation.","D2;D5;D1;D3","The problem described is fundamentally about how Ferrari relates to individual ultra-high-net-worth collectors: deepening relationship quality, improving the relevance of allocation and outreach decisions per client, anticipating individual demand for bespoke and limited models, and retaining the most valuable clients—all while preserving the human-centred emotional character of those relationships. These are classic personalisation challenges. The dimensional profile reinforces this: the brand requires AI to remain scenically invisible behind human advisors, the motivation profile centres on insider access rather than broadcast status, and the consumption value is emotionally led. The tension the brief articulates—leveraging data-driven intelligence without making intimate relationships feel algorithmic—is precisely the kind of nuanced personalisation design problem the system is built to address. This is not an operational or authentication issue; it is a client-relationship and experience-relevance problem that warrants proceeding.","runs\2026-08-21T13-28-17__941a8a"
"case_009","minus_loop","1","PASS","AT_BACKSTAGE","Provenance Signal Layer","BACKSTAGE","INDIVIDUAL","LOW","LOW","The client relationship manager, during a private allocation or bespoke commission conversation, accessing an internal briefing surface before and during the encounter — never visible to the collector","At the moment a collector interaction is scheduled or initiated, the system silently cross-references the collector's documented ownership history, service records, configurator sessions, prior allocation decisions, and authenticated third-party provenance data for vehicles they have sold or retained. It surfaces a structured internal brief to the relationship manager: which chassis in the current or forthcoming allocation cycle carry provenance threads — prior owners, race lineage, coachbuilder heritage — that are objectively relevant to this collector's demonstrated pattern of interest. The brief also flags any authentication gaps or provenance anomalies in vehicles the collector may be considering on the secondary market, giving the manager factual grounding to guide the conversation without appearing to consult a system. The AI produces no recommendation language, no suggested scripts, and no personalisation visible to the collector. It produces structured factual provenance data, silently, before the human performance begins.","D2;D5;D1;D4","The problem described is fundamentally about how Ferrari relates to individual collectors—deepening relationship quality, anticipating what each client desires, retaining ultra-high-net-worth buyers, and ensuring the relevance and emotional resonance of every touchpoint. These are classic personalisation challenges: differentiating the offering, outreach, and experience per client in a way that strengthens loyalty and perceived intimacy. The added complexity—that algorithmic mediation must remain invisible so as not to erode the emotionally charged, human-to-human bond—makes this an especially nuanced personalisation problem rather than an operational or authentication issue. The dimensional profile (strict scenic invisibility, emotional-led consumption, inconspicuous motivation, strong symbolic orchestration) further confirms that the core difficulty lies in calibrating how personalisation is delivered, not whether personalisation is the right lens. This is an appropriate problem for a personalisation strategy to address.","runs\2026-08-21T13-28-55__5f2a39"
"case_009","minus_loop","2","ESCALATE","AT_BACKSTAGE","Provenance Signal Layer","BACKSTAGE","INDIVIDUAL","LOW","LOW","The advisor, in the moments before and during a client encounter, via an internal-only dashboard that is never shown to or mentioned to the collector","During active client encounters—whether at the atelier, a handover appointment, or a private preview—the AI continuously cross-references the collector's ownership history, service records, bespoke commission logs, and authenticated provenance data against the current inventory of available or forthcoming limited units. It surfaces, exclusively to the advisor's private interface, a ranked set of provenance-coherent connections: for example, noting that a specific chassis number in current inventory shares a coachbuilder lineage with a car the collector acquired twelve years prior, or that a paint formulation being offered was last used on a unit the collector's documented circle has tracked. The AI does not generate recommendations in consumer-facing language; it generates structured provenance links and factual inventory attributes that the advisor can choose to weave, or not weave, into conversation as naturally recalled knowledge. All outputs require advisor judgment before use. Nothing is automated into client communication. The system also flags authentication anomalies in the collector's documented holdings—gaps in service history, inconsistent chassis records—so the advisor can address these discreetly as a service gesture rather than a transactional prompt.","D2;D5;D3;D1","The problem is squarely a personalisation challenge. Ferrari's core difficulty is how to deepen and sustain one-to-one relationships with an ultra-high-net-worth collector base—anticipating individual preferences, timing bespoke offers, and maintaining relevance across a lifetime of repeat purchases—while ensuring the AI layer remains invisible behind human advisors. This is not an operational or authentication problem; it concerns the quality, consistency, and emotional resonance of the brand's relationship with each individual client. The dimensional profile reinforces the fit: the strict scenic-invisibility requirement, emotional-led value orientation, and inconspicuous-luxury motivation profile all point to a context where personalisation must be executed with exceptional subtlety, but where it is nonetheless the right lever. Differentiating the offering and outreach per client directly addresses the stated risk of attrition and the opportunity to anticipate demand for limited and bespoke models.","runs\2026-08-21T13-29-45__a9cb6e"
"case_009","llm_bands","0","PASS","AT_BACKSTAGE","Provenance Signal Layer","BACKSTAGE","INDIVIDUAL","LOW","LOW","The client advisor, immediately before and during a bespoke allocation or handover encounter, via an internal briefing interface invisible to the client","During the encounter — while the client is present in the atelier, workshop, or delivery suite — the AI continuously cross-references the vehicle's production record, component authentication chain, and bespoke specification history against the house's internal archive. It surfaces any provenance anomalies, specification deviations from the client's original commission brief, or authentication gaps as discrete alerts to the advisor's private interface. It also flags contextual details — prior vehicles owned, specific configuration choices made across the collector's history — that the advisor can weave into the handover narrative as organic, human-recalled knowledge. The AI does not generate scripts or talking points; it surfaces verified factual anchors that the advisor selects, interprets, and delivers in their own voice. All outputs are read-only signals to the advisor; nothing is automated toward the client.","D2;D5;D3;D4","The problem described is fundamentally a personalisation challenge: how to deepen and sustain one-to-one relationships with an ultra-exclusive collector base, anticipate individual demand for bespoke and limited models, and tailor outreach—all while preserving the emotionally intimate, human-centred character of the brand. The core tension is not operational (production, authentication, supply chain) but relational: ensuring that AI-augmented clienteling enhances relevance and relationship quality without surfacing the machinery behind it. Every dimension of the brief—repeat-client retention, allocation decisions informed by individual collector profiles, prediction of personal interest in Special Projects, and the strict requirement for scenic invisibility—points to a personalisation use case that must be handled with exceptional sensitivity to the brand's emotional and symbolic fabric. This is precisely the kind of problem where thoughtful, backstage personalisation can add genuine value.","runs\2026-08-21T13-30-40__b24648"
"case_009","llm_bands","1","PASS","AT_BACKSTAGE","Provenance Ledger","BACKSTAGE","SEGMENT","LOW","LOW","The advisor, during a private encounter with a collector, consults an internal reference tool on a non-client-facing device before or between conversation moments","The system maintains a continuously updated reference layer covering marque-wide production facts: historical colour code frequencies across total production runs, allocation window timing patterns by model series, authentication status and chain-of-custody records for specific chassis numbers, and population statistics for factory option combinations across the entire marque. When an advisor is preparing for or conducting an encounter, they can query this layer to retrieve accurate, current facts about a vehicle or configuration under discussion — for example, how many examples of a given exterior specification were built across all markets, or whether a particular chassis provenance record is complete. The system does not cross-reference the collector's personal ownership history, preference sequences, or prior commission patterns. It operates as a marque-level reference instrument, not a per-collector intelligence layer. All outputs are factual and static relative to the marque's production record; the advisor selects which facts are relevant to the conversation and introduces them in their own voice as part of natural dialogue.","D2;D4;D5","The problem is squarely a personalisation challenge: Ferrari needs to deepen and sustain one-to-one relationships with an ultra-high-net-worth collector base, anticipate individual demand for limited and bespoke models, and ensure the relevance and consistency of each client's experience—all without letting the underlying AI tooling become visible to the client. This is not an operational or supply-chain issue; it concerns how the brand relates to individual collectors, how it sequences offers and allocations to retain loyalty, and how it preserves emotional intimacy at scale. The dimensional profile—strict scenic invisibility, emotional-led value, inconspicuous motivation, and strong symbolic control—adds complexity but does not disqualify personalisation; rather, it defines the constraints any personalisation concept must respect. Personalisation is the appropriate lever because the core difficulty is matching the right offer to the right collector at the right moment through a human-mediated relationship, which is a classic clienteling and relationship-depth problem.","runs\2026-08-21T13-31-25__78de7d"
"case_009","llm_bands","2","PASS","AT_BACKSTAGE","Provenance Cohort Briefing","ADVISOR_MEDIATED","COHORT","LOW","LOW","The advisor receives a structured briefing document before a client encounter, generated by the AI and reviewed by a senior relationship manager; the client never sees or is told of this process","When inventory is updated with a newly authenticated or allocated vehicle, the AI classifies it against a small set of collector archetypes defined by the house—for example, a racing-heritage cohort, a coachbuilding-lineage cohort, or a first-generation-ownership cohort—based on the vehicle's provenance record, production documentation, and configuration attributes. The system surfaces a concise inventory note to advisors whose assigned clients belong to the relevant archetype, describing the vehicle's documented history, its position within the production sequence, and any verifiable provenance threads that connect it to the archetype's established interests. The note does not rank individual collectors, does not reference personal acquisition histories, and does not generate a tailored recommendation for any named client. The advisor draws on their own relational knowledge to decide whether and how to raise the vehicle in conversation, translating the provenance material into the emotional register appropriate to that relationship. A senior relationship manager reviews each note before it is released to ensure the framing aligns with the house's narrative codes and that no suggestion reads as algorithmically generated.","D2;D4;D5","The problem is fundamentally about how Ferrari relates to individual ultra-high-net-worth collectors: deepening relationship quality, anticipating what each client desires in terms of limited and bespoke models, retaining repeat buyers within a closed allocation ecosystem, and doing all of this without compromising the emotionally intimate, human-centred character of the brand. This is a classic personalisation challenge—differentiating the offering, communication, and experience per client to strengthen loyalty and relevance—rather than an operational or supply-chain problem. The dimensional profile reinforces the need for a carefully designed personalisation approach: the strict scenic invisibility requirement means AI must empower human advisors backstage rather than surface visibly, the emotional consumption orientation demands that personalisation enhance rather than mechanise the relationship, and the ultra-high-net-worth insider motivation profile confirms that the value at stake is relational depth and privileged access, both of which personalisation can meaningfully improve. The problem is well-suited for a personalisation concept, provided the solution respects the brand's symbolic and experiential constraints.","runs\2026-08-21T13-32-35__a6d0a9"
"case_009","baseline","0","PASS","PRE_ADVISOR","Collector Intelligence Briefing","ADVISOR_MEDIATED","ONE_OF_ONE","LOW","HIGH","Dealer relationship managers and Ferrari regional clienteling directors, in the days before a scheduled collector touchpoint — whether a Corse Clienti invitation call, a Special Projects introduction, or an allocation conversation — accessed through a secure internal CRM dashboard","The AI ingests structured and unstructured data across each collector's history: vehicle configuration choices, option patterns, track event participation, simulator session telemetry, service records, and prior Special Projects engagement. It surfaces a concise pre-meeting brief for the human advisor — flagging likely appetite for an upcoming limited edition, noting configuration affinities that align with a forthcoming model variant, and highlighting emotional signals such as anniversaries or milestone ownership moments. The AI produces no outward-facing output and takes no autonomous action; it functions purely as a preparation layer that sharpens the advisor's intuition before the conversation begins.","","","runs\2026-08-21T13-33-48__d595d8"
"case_009","baseline","1","PASS","PRE_ADVISOR","Collector Intelligence Briefing","BACKSTAGE","ONE_OF_ONE","LOW","HIGH","Dealership relationship manager and Ferrari factory clienteling team, in the days before a scheduled client interaction, via a secure internal dashboard or pre-meeting briefing document","The AI ingests structured data across each collector's ownership history, configuration choices, track event attendance, simulator session telemetry, and service records, then generates a concise, human-readable briefing for the advisor. The briefing surfaces pattern-based signals — for example, a sustained preference for naturally aspirated powertrains, a track-day cadence suggesting readiness for a Corse Clienti upgrade, or a configuration history that aligns with an incoming limited-edition allocation — and frames these as conversation prompts rather than directives. The AI ranks which Special Projects or limited-edition models to surface and suggests personalised configuration angles, but all output is presented as advisor intelligence, not client-facing content. The system also flags relationship risk indicators such as declining event participation or a gap since last vehicle acquisition.","","","runs\2026-08-21T13-33-57__2a44e1"
"case_009","baseline","2","PASS","PRE_ADVISOR","Collector Intelligence Briefing","BACKSTAGE","INDIVIDUAL","LOW","HIGH","Dealership client advisor, in the hours before a scheduled collector meeting or outreach call, via a secure internal dashboard or briefing digest","The AI aggregates and cross-references structured data — vehicle configuration history, allocation sequence, Corse Clienti participation, simulator session records, service touchpoints, and resale behaviour — to produce a concise pre-meeting brief for the advisor. The brief surfaces pattern-based hypotheses: which collector profile attributes align with the appetite for a Special Projects commission or a forthcoming limited-edition allocation, what configuration themes recur across their owned fleet, and which experiential gaps (e.g. no track event in 24 months) may signal an engagement opportunity. The AI does not generate outreach copy or contact the client directly; it equips the human advisor to walk into the conversation with sharper intuition and richer context, so that the conversation itself remains entirely personal and unscripted.","","","runs\2026-08-21T13-34-06__10db81"
"case_010","full","0","GATE_NO","<no concept: GATE_NO>","<no concept: GATE_NO>","<no concept: GATE_NO>","<no concept: GATE_NO>","<no concept: GATE_NO>","<no concept: GATE_NO>","<no concept: GATE_NO>","<no concept: GATE_NO>","<no concept: GATE_NO>","The problem statement explicitly centres on authentication and combating counterfeiting and grey-market reselling — these are operational integrity and supply-chain control challenges, not personalisation challenges. While the brief mentions client allocation, the core difficulty described is about verifying product authenticity and filtering out resellers, not about deepening individual client relationships, improving relevance of offerings to specific clients, or addressing retention and experience quality at the individual level. Personalisation would not meaningfully address the stated problem of counterfeiting and grey-market diversion; what is needed is an operational screening and authentication capability. Framing this as a personalisation use case would be a solution in search of a problem.","runs\2026-08-21T13-34-15__b6d0c6"
"case_010","full","1","GATE_NO","<no concept: GATE_NO>","<no concept: GATE_NO>","<no concept: GATE_NO>","<no concept: GATE_NO>","<no concept: GATE_NO>","<no concept: GATE_NO>","<no concept: GATE_NO>","<no concept: GATE_NO>","<no concept: GATE_NO>","The problem statement explicitly centres on authentication and combating counterfeiting and grey-market reselling — these are operational integrity challenges, not personalisation challenges. While the brief mentions clienteling and the human boutique experience, the core difficulty Hermès describes is deploying AI-driven authentication and client allocation tools to protect product legitimacy and control distribution channels. Personalisation — tailoring the offering, communication, or experience to individual client preferences and behaviours — would not materially address the stated problems of counterfeiting and grey-market diversion. Attempting to reframe this as a personalisation brief would be a solution in search of a problem; the genuine need here sits in supply chain integrity, product authentication, and allocation governance, none of which are personalisation problems even though they touch the client experience peripherally.","runs\2026-08-21T13-34-33__2bac75"
"case_010","full","2","GATE_NO","<no concept: GATE_NO>","<no concept: GATE_NO>","<no concept: GATE_NO>","<no concept: GATE_NO>","<no concept: GATE_NO>","<no concept: GATE_NO>","<no concept: GATE_NO>","<no concept: GATE_NO>","<no concept: GATE_NO>","The problem statement explicitly centres on authentication and combating counterfeiting and grey-market reselling—these are operational integrity challenges, not personalisation challenges. While the brief mentions client allocation, the core difficulty described is about verifying product authenticity and filtering out resellers, which are supply-chain, fraud-prevention, and inventory-allocation problems. Personalisation—differentiating the brand's offering, communication, or experience per individual client—would not meaningfully address the stated concerns around counterfeiting or grey-market diversion. The fact that the solution must remain invisible (D2 STRICT) and that the brand's relationship model is already deeply human and intimate further confirms that the problem is not one of insufficient client-level relevance or relationship depth, but rather one of operational control and brand protection. Accordingly, this brief should be refused as outside the scope of a personalisation engagement.","runs\2026-08-21T13-34-52__c81c10"
"case_010","minus_critic","0","GATE_NO","<no concept: GATE_NO>","<no concept: GATE_NO>","<no concept: GATE_NO>","<no concept: GATE_NO>","<no concept: GATE_NO>","<no concept: GATE_NO>","<no concept: GATE_NO>","<no concept: GATE_NO>","<no concept: GATE_NO>","The problem statement explicitly centres on authentication and combating counterfeiting and grey-market reselling — these are operational integrity challenges, not personalisation challenges. While the brief mentions client allocation, the core difficulty is identifying and filtering out illegitimate purchasers and ensuring supply-chain and distribution integrity, not deepening the brand's relationship with individual clients or tailoring the experience to their preferences. Personalisation would not meaningfully address the stated problem of counterfeiting and grey-market diversion; what is needed is an operational screening and authentication capability. Reframing this as a personalisation use case would be a solution in search of a problem and would misrepresent the nature of the challenge Hermès has articulated.","runs\2026-08-21T13-35-12__3e258a"
"case_010","minus_critic","1","GATE_NO","<no concept: GATE_NO>","<no concept: GATE_NO>","<no concept: GATE_NO>","<no concept: GATE_NO>","<no concept: GATE_NO>","<no concept: GATE_NO>","<no concept: GATE_NO>","<no concept: GATE_NO>","<no concept: GATE_NO>","The problem as stated is fundamentally about authentication and anti-counterfeiting measures, grey-market supply chain control, and inventory allocation mechanics—all of which are operational challenges rather than personalisation challenges. While the brief mentions client allocation, the core difficulty is combating counterfeiting and reselling, not deepening the brand's relationship with individual clients or improving the relevance of what is offered to whom. Personalisation would not meaningfully address the stated problems of authentication integrity and grey-market diversion. The fact that the brand wishes to preserve its human-centred boutique experience is an important constraint, but it frames an operational deployment challenge, not a client-relationship or experience-differentiation problem that personalisation is designed to solve.","runs\2026-08-21T13-35-31__4c687c"
"case_010","minus_critic","2","GATE_NO","<no concept: GATE_NO>","<no concept: GATE_NO>","<no concept: GATE_NO>","<no concept: GATE_NO>","<no concept: GATE_NO>","<no concept: GATE_NO>","<no concept: GATE_NO>","<no concept: GATE_NO>","<no concept: GATE_NO>","The problem statement explicitly centres on authentication and combating counterfeiting and grey-market reselling — these are operational integrity and supply-chain control challenges, not personalisation challenges. While the brief touches on client allocation, the core difficulty described is how to deploy AI-driven authentication and anti-fraud screening without disrupting the boutique atmosphere. Personalisation — tailoring the offering, communication, or experience to individual client preferences and relationship depth — is not what the brand is asking for here. The stated pain point would not be materially addressed by differentiating the experience per client; it would be addressed by better operational tooling deployed invisibly. Accordingly, this falls outside the scope of a personalisation engagement and should be refused at the screening stage.","runs\2026-08-21T13-35-49__a10c18"
"case_010","minus_loop","0","GATE_NO","<no concept: GATE_NO>","<no concept: GATE_NO>","<no concept: GATE_NO>","<no concept: GATE_NO>","<no concept: GATE_NO>","<no concept: GATE_NO>","<no concept: GATE_NO>","<no concept: GATE_NO>","<no concept: GATE_NO>","The problem statement centres on authentication and combating counterfeiting and grey-market reselling—these are fundamentally operational and supply-chain-integrity challenges, not personalisation challenges. While the brief mentions client allocation, the core difficulty described is detecting counterfeit goods and filtering out professional resellers, which are screening and verification tasks rather than questions of how the brand relates to individual clients in terms of relationship depth, relevance, or experience quality. Personalisation would not meaningfully address the stated tension between deploying anti-counterfeiting technology and preserving the artisanal boutique atmosphere; that tension is an operational-design problem. Forcing a personalisation lens onto this brief would be a solution in search of a problem.","runs\2026-08-21T13-36-08__767a6e"
"case_010","minus_loop","1","GATE_NO","<no concept: GATE_NO>","<no concept: GATE_NO>","<no concept: GATE_NO>","<no concept: GATE_NO>","<no concept: GATE_NO>","<no concept: GATE_NO>","<no concept: GATE_NO>","<no concept: GATE_NO>","<no concept: GATE_NO>","The problem statement explicitly centres on authentication and combating counterfeiting and grey-market reselling. These are operational integrity challenges—product verification, supply-chain control, and allocation governance—not personalisation problems. While the brief mentions the importance of preserving the human-centred boutique experience, the core difficulty the brand seeks to solve is not about deepening individual client relationships, improving relevance of offerings per client, or addressing retention and attrition through differentiated experiences. Personalisation would not meaningfully address the stated challenge of authenticating goods and controlling grey-market diversion; those require anti-counterfeiting technology, supply-chain traceability, and distribution policy—none of which are personalisation interventions. Proceeding would amount to a solution in search of a problem.","runs\2026-08-21T13-36-30__fcdfa1"
"case_010","minus_loop","2","GATE_NO","<no concept: GATE_NO>","<no concept: GATE_NO>","<no concept: GATE_NO>","<no concept: GATE_NO>","<no concept: GATE_NO>","<no concept: GATE_NO>","<no concept: GATE_NO>","<no concept: GATE_NO>","<no concept: GATE_NO>","The problem statement explicitly centres on authentication and grey-market countermeasures—these are operational integrity challenges, not personalisation challenges. While the brief touches on the boutique experience and client relationships, the core difficulty Hermès describes is combating counterfeiting and controlling resale channels without disrupting the in-store atmosphere. Personalisation—differentiating the offering, communication, or experience per individual client—would not materially address the authentication or grey-market problem. The fact that the brand values human-centred clienteling does not convert an anti-counterfeiting brief into a personalisation brief; it simply constrains how any operational tool should be deployed. Proceeding would mean forcing a personalisation lens onto a problem that is fundamentally about product verification and supply-chain control, which falls outside the appropriate scope of a personalisation concept.","runs\2026-08-21T13-36-49__2fbf85"
"case_010","llm_bands","0","GATE_NO","<no concept: GATE_NO>","<no concept: GATE_NO>","<no concept: GATE_NO>","<no concept: GATE_NO>","<no concept: GATE_NO>","<no concept: GATE_NO>","<no concept: GATE_NO>","<no concept: GATE_NO>","<no concept: GATE_NO>","The problem statement explicitly centres on authentication and anti-counterfeiting measures, grey-market reseller detection, and client allocation controls. These are fundamentally operational and supply-chain-integrity challenges, not personalisation challenges. While the brief touches on preserving the boutique experience, the core difficulty it describes—combating counterfeiting and grey-market reselling—would not be meaningfully addressed by differentiating the offering per individual client. Personalisation concerns how a brand deepens its relationship with, and tailors its experience to, individual clients; the problem here is about screening, verification, and inventory allocation governance. Applying a personalisation lens would be a solution in search of a different problem than the one stated.","runs\2026-08-21T13-37-08__ac1238"
"case_010","llm_bands","1","GATE_NO","<no concept: GATE_NO>","<no concept: GATE_NO>","<no concept: GATE_NO>","<no concept: GATE_NO>","<no concept: GATE_NO>","<no concept: GATE_NO>","<no concept: GATE_NO>","<no concept: GATE_NO>","<no concept: GATE_NO>","The problem statement explicitly centres on authentication and combating counterfeiting and grey-market reselling—these are operational integrity and supply-chain control challenges, not personalisation challenges. While the brief touches on client allocation, the core difficulty described is detecting and filtering out illegitimate purchasers and counterfeit goods, which is fundamentally an authentication and fraud-prevention problem. Personalisation concerns how a brand deepens its relationship with individual clients through relevance, tailored experiences, and retention strategies; it does not address the verification of product authenticity or the policing of distribution channels. Applying a personalisation lens here would be a solution in search of a problem, as the stated difficulty—counterfeiting and grey-market diversion—would remain substantially untouched by differentiating the offering per client.","runs\2026-08-21T13-37-33__f3f9bb"
"case_010","llm_bands","2","GATE_NO","<no concept: GATE_NO>","<no concept: GATE_NO>","<no concept: GATE_NO>","<no concept: GATE_NO>","<no concept: GATE_NO>","<no concept: GATE_NO>","<no concept: GATE_NO>","<no concept: GATE_NO>","<no concept: GATE_NO>","The problem statement is fundamentally about authentication and anti-counterfeiting measures, grey-market reseller detection, and client allocation controls—these are operational and supply-chain integrity challenges, not personalisation problems. While the brief touches on preserving the boutique experience and mentions directing goods to 'authentic, long-term brand collectors,' the core difficulty the brand seeks to solve is combating counterfeiting and grey-market reselling. Personalisation—tailoring the offering, communication, or experience to individual client preferences and needs—would not meaningfully address the stated problem of authentication and allocation. The fact that the solution involves filtering out bad actors and verifying product legitimacy places this squarely in the domain of operational integrity rather than client relationship differentiation. Proceeding with a personalisation concept here would be a solution in search of a problem.","runs\2026-08-21T13-37-58__375b3e"
"case_010","baseline","0","PASS","AT_BACKSTAGE","Silent Provenance Shield","BACKSTAGE","INDIVIDUAL","LOW","HIGH","Hermès head office authentication and boutique operations teams, acting invisibly during the sales associate–client encounter, via a secure internal dashboard never surfaced on the boutique floor","A computer-vision model trained on macro- and micro-photography of authenticated Birkin and Kelly pieces continuously ingests imagery captured during routine after-sales and repair intake—not at point of sale—to build a living reference library of genuine leather grain signatures, saddle-stitch cadence, and hardware hallmarks. A secondary machine-learning layer cross-references anonymised purchase-history patterns across boutiques to flag accounts exhibiting reseller-consistent behaviour: rapid multi-SKU acquisition, geographic dispersion of transactions, and accelerated re-entry cadence. Both signals are surfaced only to a small central clienteling intelligence team, who translate findings into discreet, qualitative guidance passed to store directors via existing private briefing channels. No algorithm ever addresses a client directly; no screening device appears on the boutique floor; the sales associate receives only a human recommendation framed in the language of relationship stewardship.","","","runs\2026-08-21T13-38-23__35695e"
"case_010","baseline","1","PASS","AT_BACKSTAGE","Silent Provenance Shield","BACKSTAGE","INDIVIDUAL","LOW","HIGH","Store manager and back-office authentication specialist, during intake of any piece presented for repair, resale validation, or new allocation review, accessed via a secure internal tablet interface invisible to the client on the boutique floor","A computer vision model trained on microscopic imagery of authentic Hermès leather grain structures, saddle-stitch cadence, hardware engraving depth, and thread coloration profiles ingests high-resolution scans captured by a discreet handheld device in the stockroom. The model returns a provenance confidence score and a flagged anomaly report within seconds. A parallel machine learning layer cross-references the presenting client's purchase history, repair cadence, geographic purchase dispersion, and gifting patterns against a continuously updated profile of known grey-market reseller behaviours, surfacing a quiet allocation-risk signal to the store manager before any client-facing conversation about a sought-after piece begins. No automated decision is ever communicated to the client; the output is advisory only, leaving the final allocation judgement entirely with the human sales associate.","","","runs\2026-08-21T13-38-33__8dae4d"
"case_010","baseline","2","PASS","POST_BACKSTAGE","Silent Provenance Guardian","BACKSTAGE","ONE_OF_ONE","LOW","HIGH","Internal authentication and after-sales repair teams interact with returned or serviced pieces through dedicated back-of-house imaging stations, entirely invisible to the client on the boutique floor","A computer vision model trained on microscopic imagery of genuine Hermès leather grain structures, saddle-stitch cadence, hardware engraving depth, and thread dye signatures performs passive authentication whenever a piece enters the after-sales repair workflow. A secondary machine learning layer cross-references the piece's provenance record, purchase history, and regional boutique allocation data to flag anomalies indicative of grey-market flipping, without surfacing any alert to the client. Findings are aggregated into a regional intelligence dashboard reviewed weekly by senior client relations directors, who then adjust boutique allocation guidance through normal human clienteling channels.","","","runs\2026-08-21T13-38-42__92e53e"
"case_011","full","0","PASS","PRE_BACKSTAGE","Cellular Reserve Engine","BACKSTAGE","COHORT","LOW","MEDIUM","Supply and inventory planners, in the weeks before a boutique or spa appointment cycle opens; the surface is an internal forecasting dashboard visible only to operations and procurement staff","The AI ingests anonymised historical purchase cadences, appointment booking patterns, seasonal demand signals, and ingredient lead times for the brand's rarest actives — caviar extract batches, platinum concentrations, glacier water allocations — and produces allocation recommendations per boutique location. It flags when a specific formulation family is likely to face constrained supply relative to projected demand, allowing procurement to prioritise ingredient acquisition and operations to pre-position stock before client-facing staff begin consultations. No client data, no diagnostic profiles, and no personalisation logic operate at this stage; the unit of analysis is the location-level cohort across a planning horizon. Therapists and boutique directors receive only a curated stock briefing prepared by their regional manager, framed entirely in terms of what is available and what is being held in reserve — language that reinforces scarcity as an objective material fact rather than an algorithmic artefact. The AI output never surfaces to the client in any form.","D1;D2;D5","The core problem described is fundamentally about personalisation: how to deliver hyper-personalized product recommendations and skin diagnostics to individual clients while preserving the high-touch, sensory luxury relationship that defines the brand. This is not an operational or supply-chain issue; it concerns the quality, relevance, and consistency of the individual client experience—specifically, how the brand relates to each client through tailored skincare guidance. The challenge of embedding AI-driven personalisation invisibly within a human-led, ritualistic consultation is a classic personalisation-design problem, made more nuanced by the strict scenic invisibility requirement and the brand's strong symbolic orchestration control. Personalisation directly addresses the stated difficulty: differentiating the offering per client (customised regimens, diagnostics) without eroding the experiential and emotional dimensions that justify ultra-premium pricing.","runs\2026-08-21T13-38-49__7a33b2"
"case_011","full","1","PASS","PRE_BACKSTAGE","Silent Allocation Engine","BACKSTAGE","COHORT","LOW","MEDIUM","Supply chain and retail operations teams, working within internal inventory and replenishment dashboards, weeks before any client-facing appointment or purchase event","The AI ingests anonymized purchase histories, regional skin-concern patterns, seasonal environmental data, and ingredient lead times to forecast demand at the cohort level — grouping clients by skin profile and behavioral signals without resolving them to named individuals. It then generates allocation recommendations: which formulations, in what quantities, should be positioned at which boutiques or treatment suites ahead of each period. Crucially, it also flags when rare-ingredient stocks are approaching thresholds that would require rationing, prompting operations to pre-position reserve units for clients whose skin profiles most closely match a given formulation's clinical target. All output is reviewed and approved by a senior brand and operations committee before any inventory movement is executed. No algorithmic recommendation reaches a therapist or client directly; it surfaces only as stocked shelves and pre-positioned treatment kits that the therapist selects from using their own professional judgment.","D1;D2;D5","The problem is fundamentally about how La Prairie relates to individual clients — specifically, how to deliver hyper-personalized product recommendations and skin diagnostics in a way that deepens the one-to-one relationship without eroding the sensory, high-touch luxury experience. This is a classic personalisation challenge: tailoring what is offered to whom, ensuring relevance and emotional resonance at the individual level, and maintaining the quality and consistency of the client experience across touchpoints. The operational dimensions (e.g., the diagnostic technology itself) are secondary to the core question of how personalisation is surfaced, felt, and controlled so that it enhances rather than commoditises the brand-client relationship. The strict scenic invisibility requirement and strong symbolic orchestration control further confirm that the real difficulty lies in designing a personalisation approach that respects the brand's experiential and emotional codes — a design problem squarely within the personalisation domain.","runs\2026-08-21T13-39-43__05467e"
"case_011","full","2","PASS","PRE_BACKSTAGE","Cellular Reserve Allocation Engine","BACKSTAGE","COHORT","LOW","MEDIUM","Internal supply and retail operations teams, working through existing inventory and client relationship management dashboards, before any client appointment or counter visit is scheduled","The AI ingests anonymised longitudinal purchase histories, replenishment cadences, seasonal demand signals, and therapist-logged skin-concern notes from prior consultations to forecast which formulations — particularly those built on physically constrained ingredients such as rare caviar extracts and glacier water concentrates — will be needed at each boutique or spa location over a rolling 90-day horizon. It produces allocation recommendations that pre-position the right product depth at the right location so that a therapist, when they sit with a client, never faces a stock gap that would require a substitution or a wait. The AI does not generate client-facing content, does not surface its outputs to any client, and does not communicate recommendations directly to therapists in a way that names the system. Operations managers review the forecasts, apply brand knowledge and relationship context as a curatorial filter, and translate approved allocations into replenishment orders. The system also flags cohort-level demand shifts — for example, a cluster of clients in a given location showing accelerated replenishment of cellular night treatments — allowing procurement to protect scarce ingredient volumes before open-market pressure reduces availability, thereby preserving the objective physical rarity that anchors the brand's positioning.","D1;D2;D5","The core problem described is fundamentally about personalisation: how to tailor skin diagnostics and product recommendations to individual clients while preserving the emotional, high-touch luxury relationship that defines La Prairie's brand experience. This is not an operational or supply-chain issue; it concerns the quality, relevance, and consistency of the one-to-one client experience — precisely the domain where personalisation strategy applies. The challenge of integrating AI-driven individual recommendations without undermining scenic invisibility, sensory ritual, and the expert therapist's curatorial role is a nuanced personalisation design problem. The dimensional profile further confirms this: strict scenic invisibility requirements, strong symbolic orchestration control through human mediators, and a balanced consumption value orientation all point to a situation where the manner in which personalisation is delivered matters as much as the personalisation itself. There is a genuine, well-articulated tension to resolve, making this an appropriate case to proceed.","runs\2026-08-21T13-40-36__d0dff1"
"case_011","minus_critic","0","PASS","PRE_BACKSTAGE","Silent Harvest","BACKSTAGE","COHORT","LOW","MEDIUM","Supply chain and retail operations teams, working within internal procurement and inventory management systems, weeks to months before any client encounter occurs","The AI ingests historical sell-through data, seasonal demand patterns, ingredient harvest yield projections, and regional clinic booking cadences to produce allocation recommendations for rare active ingredients and finished SKUs across boutiques and spa partners. It flags when a specific ingredient batch is constrained — for example, a reduced yield of a core cellular complex — and reweights distribution toward markets and appointment profiles where that ingredient's associated ritual is most frequently requested and most likely to convert to a full protocol purchase. Human category managers review and approve all allocation outputs before any inventory moves. The AI does not communicate with clients, does not surface in any advisor-facing tool during the appointment, and generates no client-visible artifact. Its output is a prioritized allocation brief, written in operational language, handed to a human decision-maker who applies brand judgment before acting.","D1;D2;D5","The core problem described is fundamentally about personalisation: how La Prairie can tailor skin diagnostics and product recommendations to individual clients while preserving the intimate, high-touch luxury experience that defines the brand relationship. This is not an operational or supply-chain issue; it concerns the quality, relevance, and consistency of the one-to-one client experience — precisely the domain where personalisation strategy applies. The dimensional profile reinforces this: the strict scenic invisibility requirement (D2) and strong symbolic orchestration control (D5) mean the personalisation solution must be carefully designed to remain backstage and filtered through human expertise, but these are design constraints on a personalisation concept, not reasons to reject the premise. The balanced consumption value orientation (D3) further confirms that both functional efficacy (diagnostics, ingredient matching) and emotional resonance (sensory ritual, exclusivity) must be addressed in how the brand relates to each individual client. The problem is squarely about deepening relationship relevance and tailoring what is offered to whom, making it an appropriate candidate for a personalisation concept.","runs\2026-08-21T13-41-32__a017cf"
"case_011","minus_critic","1","PASS","PRE_BACKSTAGE","Cellular Reserve Engine","BACKSTAGE","COHORT","LOW","MEDIUM","No client contact; operates between the inventory and logistics layer and the spa/retail operations manager, surfacing outputs as allocation briefs reviewed by the head therapist before each booking cycle","The AI ingests anonymised historical purchase cadences, treatment histories aggregated at cohort level, seasonal skin-condition patterns, and incoming appointment data to generate a ranked demand forecast for each active formulation SKU across a rolling four-week horizon. It identifies which ingredient-intensive products — those dependent on physically scarce raw materials such as caviar extract or rare botanical concentrates — are at risk of local stockout relative to projected client need, and proposes reallocation priorities across boutiques and treatment suites. The output is a plain allocation brief, not a client recommendation: it tells operations which quantities of which products to reserve for which appointment types, so that when a therapist selects a protocol for a specific client the required product is physically present. No client profile is touched; no individual is scored or ranked. The AI operates on aggregate booking signals only.","D1;D2;D5","The core problem described is fundamentally about personalisation: how to tailor skin diagnostics and product recommendations to individual clients while preserving the intimate, high-touch relationship that defines the brand. This is not an operational or supply-chain issue; it concerns the quality and relevance of what is offered to each client, the depth of the client–therapist relationship, and the consistency of the luxury experience across touchpoints. The dimensional profile reinforces this: strict scenic invisibility means the personalisation engine must be carefully designed to empower human therapists rather than replace them, strong symbolic orchestration control means AI outputs must be curated before reaching the client, and the balanced consumption value orientation confirms that both functional efficacy and emotional resonance must be addressed in any personalised offering. Personalisation is the right lens through which to solve this problem, and the constraints articulated in the brief provide meaningful design guardrails rather than reasons to refuse.","runs\2026-08-21T13-42-24__32312a"
"case_011","minus_critic","2","PASS","PRE_BACKSTAGE","Silent Allocation Engine","BACKSTAGE","COHORT","LOW","MEDIUM","Retail operations and inventory managers interact with a demand-forecasting dashboard in the days and weeks before client appointments; the client never encounters this surface","The AI ingests anonymised purchase history, appointment cadence, seasonal skin-concern patterns, and regional climate data to forecast which formulations and ingredient concentrations will be needed at each boutique or spa location during a given period. It generates a prioritised allocation recommendation — specifying quantities of scarce active concentrates, treatment serials, and bespoke compounding components — so that the rarest inputs are physically present before the client arrives. The output is a ranked allocation brief reviewed and approved by the head therapist or boutique director before any inventory movement occurs. The system also flags when a specific client's historical profile suggests a high probability of requiring a formulation that draws on limited-batch ingredients, triggering an early reservation of that stock against their upcoming appointment. No recommendation reaches a client or a client-facing advisor without passing through this human approval gate.","D1;D2;D5","The problem is fundamentally about how La Prairie relates to individual clients — specifically, how to deliver hyper-personalized product recommendations and skin diagnostics in a way that deepens the one-to-one relationship without eroding the sensory, high-touch luxury experience. This is a classic personalisation challenge: tailoring what is offered to whom, calibrating the visibility of the underlying technology, and preserving the quality and consistency of the client experience across touchpoints. The dimensional profile reinforces this: strict scenic invisibility means the personalisation engine must operate backstage, strong symbolic orchestration control means AI outputs must be curated through human experts, and the balanced consumption value orientation means the solution must serve both functional efficacy and emotional resonance. None of the core difficulties described — maintaining ritual, protecting brand mystique, ensuring relevance without algorithmic conspicuousness — are operational or supply-chain problems; they are squarely about the design of a differentiated, per-client experience.","runs\2026-08-21T13-43-17__8a13c2"
"case_011","minus_loop","0","PASS","PRE_BACKSTAGE","Cellular Reserve Intelligence","BACKSTAGE","COHORT","LOW","MEDIUM","Supply planners and spa procurement managers interact with an internal forecasting dashboard, weeks to months before any client appointment, through a secured operations interface invisible to clients and therapists alike","The system ingests anonymised historical treatment data, ingredient batch yields, seasonal demand patterns, and regional skin-concern profiles to forecast demand for rare active compounds — particularly those with constrained harvest windows or limited batch production cycles. It generates allocation recommendations that ensure the highest-demand formulations are physically present at each location precisely when they are most likely to be needed, without overstocking in ways that signal abundance. Outputs are structured as allocation proposals reviewed and approved by senior brand managers before any procurement order is placed, preserving human authority over final decisions. The system flags when projected demand for a specific compound approaches the boundary of available supply, enabling proactive rationing rather than reactive stockouts, and it surfaces this information as a supply-tension signal that reinforces internal discipline around genuine ingredient scarcity rather than manufactured scarcity.","D1;D2;D5","The core problem described is fundamentally about personalisation: how to tailor skin diagnostics and product recommendations to individual clients while preserving the high-touch, sensory luxury experience that defines the brand relationship. This is not an operational or supply-chain issue; it concerns the quality, relevance, and consistency of the one-to-one client experience — precisely the domain where personalisation strategy applies. The dimensional profile reinforces this fit: the strict scenic invisibility requirement (D2) and strong symbolic orchestration control (D5) create meaningful design constraints around how personalisation should be delivered (through expert therapists rather than exposed algorithms), but they do not negate the need for personalisation itself. The balanced consumption value orientation (D3) further confirms that both functional efficacy (diagnostics, ingredient matching) and emotional resonance (ritual, indulgence) must be addressed in any personalised offering. In sum, the problem is squarely about differentiating the brand's offering per individual client in a way that deepens the relationship, making it an appropriate candidate for a personalisation concept.","runs\2026-08-21T13-44-08__38198d"
"case_011","minus_loop","1","PASS","POST_BACKSTAGE","Silent Dossier","BACKSTAGE","INDIVIDUAL","LOW","MEDIUM","The therapist, working alone after the client has left, reviews a structured summary generated from session notes, skin-reading data, and prior encounter records — accessed through a secure internal interface, never visible to the client","After each appointment concludes, the system ingests structured inputs the therapist logged during the session — observed skin conditions, product responses, sensory preferences noted, concerns raised — and cross-references them against the client's longitudinal record and the house's formulation library. It then produces a private briefing for the therapist: a ranked set of protocol adjustments and product considerations for the next visit, flagged ingredient interactions to monitor, and a plain-language rationale grounded in the brand's cellular science framework. The therapist reads, edits, and decides what to carry forward. Nothing is sent to the client, and no output leaves the therapist's review step unmediated. The system updates the client record only with what the therapist confirms.","D2;D5;D4;D1","The core problem described is fundamentally about how La Prairie relates to individual clients — specifically, how to deliver hyper-personalized product recommendations and skin diagnostics without degrading the high-touch, emotionally rich consultative experience that defines the brand. This is a classic personalisation challenge: tailoring what is offered to whom, deepening the relevance of each client interaction, and preserving relationship quality and consistency across touchpoints. The tension is not operational (the brand is not asking how to authenticate products or optimise inventory) but experiential — how to make AI-driven individualisation feel like an extension of the brand's exclusive, therapist-led ritual rather than a mass-market automation. The dimensional profile reinforces this: strict scenic invisibility means the personalisation engine must work backstage, strong symbolic orchestration control means recommendations must be curated through human experts, and the balanced consumption value orientation means the solution must serve both functional precision and emotional resonance. All of these are design constraints for a personalisation concept, not reasons to refuse one.","runs\2026-08-21T13-45-21__3e8167"
"case_011","minus_loop","2","PASS","PRE_BACKSTAGE","Quiet Allocation Engine","BACKSTAGE","COHORT","LOW","MEDIUM","Supply and inventory planners interact with the system through an internal planning interface, weeks to months before any client encounter occurs; clients never touch or see this surface","The AI ingests anonymised purchase histories, treatment booking patterns, seasonal skin-concern data from therapist intake records, and ingredient lead times to produce demand forecasts at the cohort level — groupings defined by skin profile and treatment cadence rather than by individual identity. From these forecasts it generates prioritised allocation recommendations: which formulations to pre-position at which locations, how much reserve stock of rare-ingredient concentrates to hold back for high-frequency treatment clients, and when to trigger procurement for botanicals and caviar extracts with long sourcing windows. The output is a structured allocation brief delivered to regional inventory managers and head therapists before each replenishment cycle. No recommendation surfaces to clients; no recommendation surfaces to front-of-house staff in a form that identifies its algorithmic origin. Therapists receive stock as a curated selection already aligned to their anticipated client needs, which they experience as operational readiness rather than as a data product.","D1;D2;D5","The core problem described is fundamentally about personalisation: how to deliver hyper-personalized product recommendations and skin diagnostics to individual clients while preserving the high-touch, sensory luxury experience that defines the brand relationship. This is not an operational or supply-chain issue; it concerns the quality, relevance, and consistency of the one-to-one client experience—how the brand relates to each individual through its therapists and retail touchpoints. The challenge of embedding AI-driven personalisation invisibly behind human ritual (D2 Strict scenic invisibility) and maintaining strong symbolic orchestration (D5) makes this a nuanced personalisation design problem rather than a technology deployment problem. Personalisation directly addresses the stated tension: making recommendations more relevant per client without commoditising the relationship, which is squarely within the domain of client experience differentiation.","runs\2026-08-21T13-46-03__27366d"
"case_011","llm_bands","0","PASS","PRE_BACKSTAGE","Silent Allocation Engine","BACKSTAGE","COHORT","LOW","MEDIUM","Supply and inventory planners, never the client; operates within internal procurement and distribution workflows weeks before any client encounter occurs","The AI ingests anonymised purchase history, treatment booking patterns, seasonal skin-concern trends, and ingredient lead times to forecast demand at the SKU level across boutiques and spa locations. It then generates prioritised allocation recommendations — which formulations, in what quantities, reach which locations — so that rare or slow-yield ingredients (e.g., caviar extract batches, glacial spring concentrates) are positioned where client profiles indicate the highest likelihood of genuine need rather than speculative stocking. The output is a ranked allocation brief delivered to the inventory team, who apply editorial judgement before any order is placed. No client data is surfaced in identifiable form; no recommendation reaches a therapist or advisor through this channel. The system's sole function is ensuring the right physical product is present before the human encounter begins.","D1;D2;D5","The core problem described is fundamentally about personalisation: how to deliver hyper-personalised product recommendations and skin diagnostics to individual clients while preserving the quality, consistency, and emotional depth of the one-to-one luxury experience. This is not an operational or supply-chain issue; it concerns how the brand relates to each client—tailoring what is offered to whom, deepening the advisory relationship, and ensuring that the introduction of AI-driven tools enhances rather than erodes the personal, high-touch ritual that defines the brand. The dimensional profile reinforces this: strict scenic invisibility, strong symbolic orchestration control, and a balanced consumption value orientation all point to a nuanced personalisation challenge where the manner in which individual relevance is delivered matters as much as the relevance itself. Personalisation is the right lens through which to address this problem.","runs\2026-08-21T13-46-58__1d45da"
"case_011","llm_bands","1","PASS","PRE_BACKSTAGE","Cellular Reserve Allocation","BACKSTAGE","COHORT","LOW","MEDIUM","Boutique inventory managers and regional account directors interact with the system through an internal planning dashboard, weeks before any client appointment or retail event","The AI ingests historical purchase cadence, treatment booking patterns, seasonal skin-concern data aggregated by climate zone, and sell-through velocity for formulations containing the proprietary cellular complex. It produces ranked allocation recommendations — which SKUs, in what quantities, should be positioned at each boutique ahead of the next demand window. Crucially, the model flags when a specific high-concentration formulation is approaching a supply threshold, allowing the house to pre-stage the physically scarce ingredient stock before it becomes a reactive shortage. The output is a structured briefing document reviewed and approved by the regional director before any inventory movement occurs. No client data at the individual level enters the model; the unit of analysis is the boutique-level cohort defined by climate, skin-concern profile mix, and purchase history band. Human planners retain full override authority and apply brand narrative context — for instance, deprioritizing a high-velocity SKU if its allocation would dilute the sense of considered scarcity at a flagship — before any instruction reaches the supply chain.","D1;D2;D5","The core problem described is fundamentally about how La Prairie relates to individual clients — specifically, how to deliver hyper-personalized skincare recommendations and deepen the consultative relationship without eroding the brand's high-touch, sensory luxury positioning. This is a classic personalisation challenge: tailoring what is offered to whom, enhancing the relevance and quality of the individual client experience, and doing so in a way that respects the brand's strict scenic invisibility requirement and strong symbolic orchestration control. The tension is not operational (e.g., supply chain or authentication) but experiential — how to make AI-driven personalisation feel like an extension of the expert therapist's intuition rather than an automated, mass-market process. Personalisation strategy is directly relevant to resolving this tension, making this an appropriate problem to address.","runs\2026-08-21T13-47-57__f68128"
"case_011","llm_bands","2","PASS","POST_BACKSTAGE","Silent Cartography","BACKSTAGE","INDIVIDUAL","LOW","MEDIUM","The therapist, working alone after the client has departed, reviews a structured synthesis on a private internal tablet; no client-facing surface is ever involved","After each appointment closes, the AI ingests the therapist's own session notes, the biometric and observational data captured during the treatment, and the longitudinal record of prior visits for that client. It produces a confidential briefing — readable only by the therapist and clinic director — that identifies subtle pattern shifts in skin condition over time, flags ingredient affinities or emerging sensitivities, and proposes a ranked shortlist of protocol adjustments for the next visit. The output is framed as structured clinical observation, not as a recommendation the therapist is expected to follow verbatim. The therapist then decides which elements to carry forward, how to reframe them in the ritual language of the next consultation, and what to discard. Nothing from this process surfaces to the client as an algorithmic output; it surfaces, if at all, as the therapist's own considered judgment delivered in the next encounter.","D2;D5;D4;D3","The core problem described is fundamentally about how La Prairie relates to individual clients — specifically, how to deliver hyper-personalized product recommendations and skin diagnostics in a way that deepens the one-to-one relationship without eroding the brand's experiential prestige. This is a classic personalisation challenge: tailoring what is offered to whom, ensuring the relevance and quality of the client experience, and maintaining emotional engagement and retention at the ultra-premium tier. The tension between algorithmic precision and high-touch human ritual is a question of how personalisation is designed and delivered, not whether personalisation is the right lens. The dimensional profile — strict scenic invisibility, strong symbolic orchestration control, balanced consumption value, and inconspicuous motivation — further confirms that the problem demands a nuanced, scenically invisible personalisation approach rather than an operational or purely technical solution.","runs\2026-08-21T13-48-44__eabe6b"
"case_011","baseline","0","PASS","AT_BACKSTAGE","Cellular Atelier Intelligence","BACKSTAGE","ONE_OF_ONE","LOW","HIGH","La Prairie therapist or beauty advisor, during the in-boutique or spa consultation, via a discreet advisor-side tablet or back-counter interface invisible to the client","Computer vision analyses close-range skin imagery captured during the ritual preparation phase of the consultation. The AI processes microscopic aging markers — dermal density, luminosity variance, surface texture, hydration gradients — against La Prairie's proprietary cellular science framework and the client's longitudinal profile from the La Prairie Society loyalty data. It surfaces a ranked, narrative-form regimen recommendation and a projected outcome arc to the advisor privately, framed in the brand's scientific vocabulary. The advisor then translates this into a curated, sensory-led conversation with the client, presenting choices as expert counsel rather than algorithmic output. The system also flags collection affinities — Skin Caviar versus Pure Gold versus Platinum Rare — based on both skin state and the client's known aesthetic sensibility and purchase history.","","","runs\2026-08-21T13-49-44__ecd0be"
"case_011","baseline","1","PASS","AT_BACKSTAGE","Cellular Atelier Intelligence","BACKSTAGE","ONE_OF_ONE","LOW","HIGH","La Prairie beauty therapist or boutique advisor, during the in-person skin consultation, via a discreet advisor-only tablet interface invisible to the client","A computer-vision and ML model analyzes high-resolution skin imagery captured through a clinical-grade skin scanner already present in boutique and spa settings. The AI processes micro-aging markers — dermal density, pigmentation variance, surface texture, loss of contour — against La Prairie's proprietary cellular science framework and the client's longitudinal profile drawn from the La Prairie Society loyalty data, purchase history, and any prior consultation records. It then generates a ranked, narrative-form regimen brief delivered exclusively to the advisor, framed in La Prairie's scientific vocabulary (Exclusive Cellular Complex™ activity, caviar lipid absorption indices, etc.). The advisor reads the brief before or during the consultation and translates it into a bespoke verbal recommendation, preserving the human ritual entirely. The AI also models projected skin-transformation trajectories over 8, 16, and 24 weeks, giving the advisor concrete, credible efficacy language to share — if and when they judge it appropriate — without surfacing an algorithm to the client.","","","runs\2026-08-21T13-49-53__55adfc"
"case_011","baseline","2","PASS","AT_ADVISOR","Cellular Intelligence Atelier","ADVISOR_MEDIATED","ONE_OF_ONE","LOW","HIGH","Boutique skin therapist or La Prairie Society concierge, during an in-person consultation, via a discreet advisor-facing tablet interface invisible to the client","A computer-vision and ML pipeline silently analyses high-resolution skin imagery captured during the therapist's standard skin-mapping ritual. It scores microscopic aging parameters — dermal density, luminosity loss, lifting deficit, hydration gradient — against La Prairie's proprietary cellular science benchmarks, then surfaces a ranked regimen recommendation and a projected skin-transformation narrative across 12 weeks. The therapist receives this as a structured briefing note, not a raw algorithm output, allowing them to translate findings into the brand's sensory, scientific language before speaking to the client. The AI never appears in the room.","","","runs\2026-08-21T13-50-04__9a3b71"
"case_012","full","0","PASS","POST_ADVISOR","Considered Continuation","ADVISOR_MEDIATED","INDIVIDUAL","LOW","MEDIUM","The sales advisor, within 48–72 hours of a client encounter, receives a structured briefing through an internal tool. The advisor then composes and sends a personal message—by handwritten note, telephone call, or curated email—to the client using their own voice and judgment.","After each client encounter is logged, the AI analyzes the interaction record, the client's purchase history, declared preferences, and current inventory signals to surface one or two contextually relevant prompts for the advisor. These prompts are not scripts; they are private, advisor-facing cues—for example, flagging that a limited-run object aligned with a taste the client expressed is entering the boutique, or noting that a prior purchase anniversary is approaching and suggesting a thematic connection to a current collection story. The AI also scores the client's churn risk against behavioral signals and surfaces that score privately to the advisor's manager, allowing the boutique director to decide whether to escalate the relationship to a more senior gesture. No output reaches the client directly. The advisor reads the briefing, discards what does not feel authentic to the relationship, and acts on what does—entirely in their own words.","D2;D5;D3;D4","The problem is fundamentally about how Louis Vuitton relates to individual clients—specifically, identifying aspirational customers at risk of attrition and delivering relevant, relationship-deepening outreach that feels organic rather than automated. This is a classic personalisation challenge: differentiating the offering, timing, and tone of communication per client to sustain emotional connection and brand loyalty. The dimensional profile reinforces this, with strict scenic invisibility requiring AI to empower human sales associates rather than replace them, emotional-led consumption values demanding that personalisation preserve mystique and prestige, and strong symbolic orchestration control ensuring algorithmic suggestions are filtered through brand storytelling. The problem would be materially addressed by personalisation—matching the right product narrative to the right client at the right moment—rather than by operational or supply-chain improvements. The mixed motivation profile further underscores the need for nuanced, segment-aware personalisation rather than one-size-fits-all retention tactics.","runs\2026-08-21T13-50-12__1e608c"
"case_012","full","1","PASS","POST_ADVISOR","Considered Return","ADVISOR_MEDIATED","INDIVIDUAL","LOW","MEDIUM","The sales associate, within 48–72 hours of a client visit, receives a structured briefing prepared by the AI. The associate then composes and sends a personal message—by handwritten note, a direct call, or a curated digital message drafted in their own voice—to the client. The client experiences only the associate's outreach; the AI is never surfaced.","After each client encounter, the AI ingests the associate's CRM notes, purchase history, browsing signals, and any contextual flags (e.g., a purchase hesitation, an interest mentioned in passing, an upcoming occasion inferred from prior conversations). It produces a private briefing for the associate: a ranked set of one to three follow-up angles—a relevant new arrival, a complementary piece to something already owned, a limited-edition access moment—each accompanied by a short rationale grounded in the client's documented preferences and symbolic cues. The briefing also flags the appropriate register (warmer or more restrained) based on the client's segment profile. The associate selects, discards, or rewrites freely. Nothing from the AI output reaches the client unmediated.","D2;D5;D3;D4","The problem is fundamentally about how Louis Vuitton relates to individual clients—specifically, identifying aspirational customers at risk of attrition and delivering relevant, relationship-deepening outreach that feels organic rather than automated. This is a classic personalisation challenge: differentiating the brand's engagement per client based on behavioural signals, purchase history, and lifestyle indicators, while preserving the emotional and symbolic qualities of the luxury experience. The constraints around scenic invisibility and symbolic orchestration do not disqualify personalisation; they shape how it must be designed. The core difficulty—retaining at-risk clients through more relevant, individually tailored interactions without eroding exclusivity—is precisely the kind of problem that thoughtful personalisation is built to address.","runs\2026-08-21T13-50-55__a4dab1"
"case_012","full","2","PASS","POST_ADVISOR","Considered Return","ADVISOR_MEDIATED","INDIVIDUAL","LOW","MEDIUM","The sales advisor, within 48–72 hours of a boutique visit, initiates a follow-up communication to the client through their preferred channel — typically a personal message, handwritten note dispatch, or direct call — using language and references drawn from a structured briefing prepared for them by the system. The client receives only the advisor's voice; the briefing itself is never disclosed or implied.","After each client encounter, the AI ingests structured notes logged by the advisor — items considered, conversation themes, hesitations expressed, life context shared — and cross-references these against the client's purchase history, elapsed time since last acquisition, and the current availability window for relevant limited editions or collaborative pieces. It produces a private advisor briefing: a short, ranked set of follow-up angles, each framed as a narrative thread rather than a product push. For example, if a client lingered on a trunk but deferred citing an upcoming move, the system might surface that a new interior configuration of that trunk is arriving in limited allocation, and suggest the advisor reference the move as a natural reentry point. The briefing includes a suggested timing, a suggested register (warm, informational, or celebratory), and one or two specific details the advisor can deploy to make the outreach feel recalled rather than prompted. The advisor reads, edits, and decides whether and how to act. Nothing is sent automatically. The AI produces no client-facing output of any kind.","D2;D5;D3;D4","The problem is fundamentally about how Louis Vuitton relates to individual clients—specifically, identifying aspirational customers at risk of attrition and delivering differentiated, relevant outreach that sustains their brand connection without compromising the perception of exclusivity. This is a classic personalisation challenge: it concerns relationship depth, relevance of what is offered to whom, the quality and consistency of client experience, and client retention. The dimensional profile reinforces this: the strict scenic invisibility requirement means the personalisation system must empower sales associates behind the scenes rather than surface as visible automation; the emotional-led consumption value orientation means personalisation must resonate with symbolic and hedonic motivations; and the mixed motivation profile demands that the system distinguish between client segments and tailor its approach accordingly. The problem would be materially addressed by differentiating the offering and outreach per client, making personalisation a genuine and appropriate solution rather than a solution in search of a problem.","runs\2026-08-21T13-51-38__e07c9d"
"case_012","minus_critic","0","PASS","POST_ADVISOR","Considered Return","ADVISOR_MEDIATED","INDIVIDUAL","LOW","MEDIUM","The sales advisor, within 48–72 hours of a boutique visit or purchase, initiates a personal follow-up through their own communication channel (handwritten note, personal message, or phone call) using a privately surfaced briefing prepared by the AI system and reviewed before sending","After each client encounter, the AI ingests the advisor's post-visit notes, the client's purchase and interaction history, current inventory of relevant limited editions or upcoming collaborations, and signals of potential trade-down risk (declining visit frequency, reduced basket value, browsing patterns if digitally available). It then generates a private briefing for the advisor: a suggested reason to reconnect that feels organically timed rather than triggered, a specific product or narrative thread drawn from the client's established preferences, and a tone register calibrated to the advisor-client relationship. The advisor reads the briefing, discards, rewrites, or adopts elements at their discretion, and delivers the follow-up entirely in their own voice through their own channel. The AI output never reaches the client in any form; only the advisor's judgment does.","D2;D5;D3;D4","The problem is squarely a personalisation challenge: Louis Vuitton needs to identify individual aspirational clients at risk of trading down and deliver relevant, timely, and emotionally resonant outreach through its sales associates—without the interaction feeling algorithmic. This is fundamentally about relationship depth, client retention, and the relevance of what is offered to whom, all core personalisation concerns. The dimensional profile reinforces the fit: the strict scenic-invisibility requirement and strong symbolic orchestration control mean the personalisation layer must be carefully designed to empower human advisors rather than replace them, but that is a design constraint on the personalisation solution, not a reason to refuse the brief. The problem would not be solved by operational improvements alone; it requires differentiating the brand's engagement per client based on behavioural signals, purchase history, and predicted attrition risk.","runs\2026-08-21T13-52-24__cc7292"
"case_012","minus_critic","1","PASS","POST_ADVISOR","Quiet Continuity Brief","BACKSTAGE","INDIVIDUAL","LOW","MEDIUM","The sales associate, within 48–72 hours of a client encounter, receives a structured internal note prepared by the AI system. The associate uses this note to compose and send a personal follow-up to the client through their preferred channel—handwritten card, direct message, or phone call—in their own voice.","After each client encounter, the AI ingests the advisor's CRM notes, purchase history, browsing signals where available, and contextual markers from the visit (items considered but not purchased, expressed life events, aesthetic preferences mentioned). It then produces a private advisor brief containing: one or two specific conversation threads the advisor can naturally reopen, a ranked shortlist of relevant upcoming limited editions or exclusive access moments calibrated to the client's demonstrated taste rather than generic availability, and a plain-language flag if the client's engagement pattern suggests drift toward reduced purchase frequency. The AI does not draft the client-facing message. It provides the advisor with curated material and a suggested emotional register—intimate, celebratory, quietly informative—leaving all composition and timing judgment to the human. The brief is surfaced inside the advisor's internal tool, invisible to the client at every stage.","D2;D5;D3;D4","The problem is fundamentally about how Louis Vuitton relates to individual clients—specifically, identifying aspirational customers at risk of attrition and delivering relevant, personally meaningful outreach that sustains their brand connection without compromising the perception of exclusivity. This is a classic personalisation challenge: differentiating the offering, timing, and tone of engagement on a per-client basis to improve retention and relationship depth. The operational constraint of scenic invisibility (ensuring AI remains imperceptible behind the sales associate's human touch) and the need to respect the brand's symbolic orchestration make this a nuanced personalisation problem, but a personalisation problem nonetheless. The brief is not about authentication, supply chain, or inventory; it is about the quality and relevance of the client experience and the brand's ability to hold at-risk segments through individually tailored engagement.","runs\2026-08-21T13-53-03__3c61c8"
"case_012","minus_critic","2","PASS","POST_ADVISOR","Considered Return","BACKSTAGE","INDIVIDUAL","LOW","MEDIUM","The sales associate, within 48–72 hours of a boutique visit, sends a personally composed message to the client via their preferred channel (handwritten note, direct email, or phone call). The content of that message is shaped by a briefing the associate receives privately through an internal tool before reaching out.","After each client encounter, the AI ingests structured signals logged by the associate during or immediately after the visit—items handled, expressed hesitations, life context shared in conversation, purchase or non-purchase outcome—alongside longitudinal purchase history and engagement cadence. It produces a private briefing for the associate only: a ranked set of two or three follow-up angles (e.g., a relevant limited-edition arrival timed to a stated occasion, a craft detail about an item the client lingered on but did not buy, an invitation to a small in-store event calibrated to their demonstrated aesthetic register). Each angle is framed as a narrative prompt, not a product push, so the associate can translate it into their own voice. The associate selects, rejects, or rewrites freely. Nothing is sent automatically; the AI has no client-facing output.","D2;D5;D3;D4","The problem is squarely a personalisation challenge: Louis Vuitton needs to deepen its relationship with individual aspirational clients who are at risk of trading down, by making outreach more relevant, timely, and personally resonant—while keeping the AI invisible so the brand's aura of exclusivity and intimate boutique experience is preserved. Every dimension of the brief reinforces this. The core difficulty is not operational (authentication, supply chain, sizing) but relational: how to identify at-risk clients, what to offer them, and how to deliver that offer through the sales associate in a way that feels organic rather than algorithmic. The strict scenic invisibility requirement and strong symbolic orchestration control add meaningful design constraints, but they shape how personalisation should be executed rather than disqualifying it. This is a textbook case where differentiating the brand's engagement per client directly addresses the stated business problem of retention and relevance.","runs\2026-08-21T13-53-42__1f6eb5"
"case_012","minus_loop","0","PASS","POST_ADVISOR","Considered Return","ADVISOR_MEDIATED","INDIVIDUAL","LOW","MEDIUM","The sales advisor, within 48–72 hours of a boutique visit, composes and sends a personal follow-up message to the client through whichever channel the client already uses with that advisor—email, WhatsApp, or handwritten note delivered by post—drawing on a private briefing prepared by the AI system","After the encounter closes, the AI ingests the CRM record of that visit—items considered, time spent, conversation notes logged by the advisor, purchase or non-purchase outcome, and the client's broader history—and produces a confidential advisory brief visible only to the advisor. The brief identifies one or two specific reasons the client may be drifting toward lower-tier alternatives, surfaces one piece of contextually relevant content the advisor could reference naturally (an upcoming limited-edition release tied to a category the client lingered on, an archival detail connected to a piece they handled), and drafts a suggested message in plain, unadorned language that the advisor is expected to rewrite in their own voice before sending. The advisor can accept, ignore, or substantially alter any element. Nothing generated by the system reaches the client in its raw form. The system does not surface generic engagement prompts; it generates only when the visit data contains signals above a threshold of specificity, ensuring silence is the default and outreach is reserved for moments where the content is genuinely particular to that client.","D2;D5;D3;D4","The problem described is fundamentally a personalisation challenge: identifying individual aspirational clients at risk of attrition and tailoring outreach, product suggestions, and relationship touchpoints to retain them—while preserving the brand's aura of exclusivity and human intimacy. This sits squarely within the domain of how the brand relates to individual clients, encompassing relationship depth, relevance of offerings, and client retention. The dimensional profile further confirms the fit: the strict scenic invisibility requirement and strong symbolic orchestration control do not preclude personalisation but rather define the constraints under which it must operate (AI as an invisible enabler of human-led, curated interactions). The mixed motivation profile across high-net-worth and aspirational segments makes differentiated, per-client engagement strategies especially valuable. This is not an operational or supply-chain problem; it is a client relationship and experience problem that personalisation is well-positioned to address.","runs\2026-08-21T13-54-32__152ef9"
"case_012","minus_loop","1","PASS","POST_ADVISOR","Quiet Signal","BACKSTAGE","INDIVIDUAL","LOW","MEDIUM","The sales advisor, within 24–72 hours after a client encounter, receives a private briefing through an internal tool. The advisor then decides whether, when, and how to reach out to the client directly — by handwritten note, personal call, or curated message — using their own voice and judgment.","After each client visit, the AI ingests purchase history, browsing signals, seasonal release calendars, and the advisor's own post-encounter notes to produce a ranked set of follow-up prompts. These prompts are not scripts; they are contextual observations — for example, flagging that a client who lingered on a specific trunk style has a significant personal date approaching, or that an upcoming limited collaboration aligns with a cultural interest the client has mentioned. The AI also surfaces a risk indicator when engagement patterns suggest a client may be drifting, framing this as a quiet advisory note rather than an alert. All output is presented to the advisor alone, in plain language, and is discarded or acted upon entirely at the advisor's discretion. No automated message is ever sent to the client. The AI has no client-facing surface.","D2;D5;D3;D4","The problem is fundamentally about how Louis Vuitton relates to individual clients—specifically, identifying aspirational customers at risk of attrition and deepening the relevance and quality of outreach to retain them, while preserving the brand's intimate, exclusive character. This is a classic personalisation challenge: differentiating the offering, timing, and tone of engagement on a per-client basis through empowered sales associates. The dimensional profile reinforces the fit: the strict scenic invisibility requirement and strong symbolic orchestration control mean the personalisation system must operate as a backstage intelligence layer rather than a visible algorithm, which is a design constraint for personalisation rather than a reason to refuse it. The mixed motivation profile across HNW and aspirational segments further underscores the need for nuanced, segment-sensitive relationship strategies. This is not an operational or authentication problem; it is squarely about client relationship depth, relevance, and retention.","runs\2026-08-21T13-55-18__09a3fe"
"case_012","minus_loop","2","PASS","POST_ADVISOR","Quiet Signal","BACKSTAGE","INDIVIDUAL","LOW","MEDIUM","The advisor, within 24–72 hours after a client encounter, receives a structured private brief on their own device before composing any follow-up communication to the client","After each client interaction is logged, the AI synthesises purchase history, browsing signals, seasonal timing, and advisor notes to surface a ranked shortlist of contextually relevant conversation starters, product moments, or upcoming limited-access events that match the client's demonstrated taste profile. The output is formatted as a private advisor brief—plain, annotated, prioritised—not as a draft message. The advisor reads the brief, discards what does not feel right, selects what does, and then composes the follow-up in their own voice and through their own judgment. The AI does not generate client-facing copy. It generates advisor intelligence. The advisor remains the sole author of any communication the client receives.","D2;D5;D3;D4","The problem is fundamentally about how Louis Vuitton relates to individual clients—specifically, identifying aspirational customers at risk of attrition and delivering relevant, relationship-deepening outreach through human advisors. This is a classic clienteling and retention challenge where personalisation is the core mechanism: differentiating what is offered, when, and how based on individual client signals such as purchase history, browsing behaviour, and lifestyle indicators. The difficulty is not operational (authentication, sizing, supply chain) but experiential—ensuring that AI-powered personalisation enhances the intimate, exclusive feel of the boutique relationship rather than undermining it. The dimensional profile reinforces this: strict scenic invisibility requires personalisation to be invisible to the client, strong symbolic orchestration demands human mediation of any algorithmic output, and the mixed motivation profile means the system must tailor its approach differently for high-net-worth versus aspirational segments. All of these are personalisation design challenges, making this an appropriate problem for the system to address.","runs\2026-08-21T13-56-01__a73d34"
"case_012","llm_bands","0","PASS","POST_BACKSTAGE","Quiet Signal","BACKSTAGE","INDIVIDUAL","LOW","MEDIUM","Sales associate, 24–72 hours after a client encounter, via an internal advisor dashboard invisible to the client","After each client interaction closes, the system ingests structured signals—purchase outcome, items handled but not purchased, dwell patterns logged by the associate, prior purchase history, elapsed time since last visit, and any manually entered associate notes—and produces a brief, editorially toned internal memo addressed to the associate. The memo does not surface raw model outputs or probability scores. Instead it synthesises the signals into a short interpretive narrative: what the client appeared to be weighing, which product families showed latent interest, and what contextual moment—a seasonal event, an incoming limited-edition arrival, a craft story relevant to the client's demonstrated aesthetic—might make a follow-up feel natural rather than prompted. The memo then proposes one specific next-contact rationale and a suggested framing the associate can adapt or discard. All language in the memo is written to be read as a colleague's considered observation, not a system alert. The associate retains full discretion over whether to act, when, and how. No outreach is automated; the system produces no client-facing output of any kind. A curatorial review layer, staffed by a senior clienteling manager, audits a sample of memos weekly to ensure suggestions remain coherent with current brand narrative priorities and do not drift toward generic promotional logic.","D2;D5;D3;D4","The problem is fundamentally about how Louis Vuitton relates to individual clients—specifically, identifying aspirational customers at risk of attrition and enabling sales associates to deliver contextually relevant, emotionally resonant outreach that feels personal rather than programmatic. This is a classic personalisation challenge: differentiating the brand's engagement per client based on behavioural signals, purchase history, and lifestyle indicators, while preserving the intimate boutique experience. The dimensional profile reinforces this fit: strict scenic invisibility means the AI must operate behind the scenes to augment human advisors, emotional-led consumption value means personalisation must be tuned to symbolic and hedonic resonance rather than functional utility, and strong symbolic orchestration control ensures that algorithmic outputs are filtered through brand narrative and advisor judgment. The problem is not operational (authentication, supply chain, sizing) but relational—retaining clients by making each interaction feel uniquely relevant and exclusive—which is precisely the domain personalisation is designed to address.","runs\2026-08-21T13-56-44__394c0c"
"case_012","llm_bands","1","PASS","POST_BACKSTAGE","Encounter Memory Engine","BACKSTAGE","INDIVIDUAL","LOW","MEDIUM","The sales advisor, working within the house's internal CRM interface, within 24 hours after a client encounter concludes — no client-facing surface is involved at any stage","After each boutique visit or significant client interaction, the AI ingests structured and unstructured signals from the encounter: items handled, time spent, conversational themes logged by the advisor, purchase or non-purchase outcome, and any contextual notes. It then produces a private advisory brief delivered exclusively to the advisor and their manager. The brief contains three outputs: (1) a defection-risk score with the primary driver identified — price sensitivity, product gap, competitive exposure, or emotional disengagement — segmented against the client's historical trajectory; (2) a set of narrative prompts framed as advisor memory aids, not scripts, that surface forgotten or underweighted relationship details the advisor can draw on naturally in future contact — a craft detail the client once lingered on, a life event mentioned in passing, a category they have never been shown; and (3) a timing recommendation for the next meaningful outreach, calibrated to avoid both silence and over-contact, with a suggested occasion anchor drawn from the house's forthcoming editorial or limited-edition calendar. The AI never drafts client-facing messages. It never initiates outreach. All outputs are framed as intelligence for the advisor's own judgment, not instructions. The advisor decides what to use, what to ignore, and how to translate any of it into human gesture. A curatorial review layer — the boutique director or clienteling lead — approves or adjusts the timing and occasion anchors before they reach the advisor, ensuring that what surfaces to the floor is consistent with the house's current symbolic priorities rather than purely algorithmic relevance.","D2;D5;D3;D4","The problem is fundamentally about how Louis Vuitton relates to individual clients—specifically, identifying aspirational customers at risk of attrition and delivering differentiated, relevant outreach that sustains their emotional connection to the brand. This is a classic personalisation challenge: it concerns relationship depth, relevance of what is offered to whom, and client retention. The additional constraint—that outreach must feel organic and human rather than automated—does not disqualify personalisation but rather shapes how it should be designed, particularly given the strict scenic invisibility requirement and strong symbolic orchestration control. The dimensional profile is coherent and well-suited to a personalisation concept that empowers sales associates with predictive intelligence while preserving the brand's dramaturgical integrity and exclusivity posture.","runs\2026-08-21T13-57-40__f0767b"
"case_012","llm_bands","2","PASS","POST_BACKSTAGE","Quiet Signal","BACKSTAGE","INDIVIDUAL","LOW","MEDIUM","The sales associate, within 24–48 hours after a client encounter closes, reviewing a structured briefing delivered to an internal tablet or associate portal — never visible to the client","After each client encounter, the system ingests purchase history, dwell patterns from the visit, category adjacencies, and elapsed time since prior purchases to produce a ranked set of re-engagement hypotheses. These are not recommendations in the retail sense; they are framed as contextual observations — for example, noting that a client who handled a particular object twice without purchasing is now 90 days out, or that a client's acquisition cadence historically accelerates ahead of a personally significant date on record. The output is a short structured brief, written in neutral analytical prose, delivered exclusively to the responsible associate. A senior clienteling editor — a human role — reviews all briefs before release, suppressing any signal that reads as mechanically obvious or that would require the associate to reference information the client would not expect them to hold. The associate then decides whether, when, and how to act: a handwritten note, a private call, an invitation to a preview. The AI proposes nothing to the client and appears nowhere in the client relationship. The system also tracks which associate actions following a brief led to a retained relationship versus attrition, feeding that outcome back to improve hypothesis ranking over time — but this loop runs entirely inside the operational layer and is never surfaced as a metric to the client or in client-facing materials.","D2;D5;D3;D4","The problem is squarely a personalisation challenge. Louis Vuitton's stated difficulty—retaining aspirational customers at risk of trading down while preserving the intimate, non-programmatic feel of boutique relationships—is fundamentally about how the brand relates to individual clients: identifying at-risk individuals, tailoring outreach and product suggestions to their specific preferences and lifecycle stage, and ensuring that the quality and consistency of the client experience remains emotionally resonant rather than generic. Every dimension of the brief reinforces this: the need for scenic invisibility means personalisation must be embedded in human-led clienteling rather than surfaced as visible automation; the emotional consumption orientation means relevance must be felt, not merely functional; and the mixed motivation profile demands differentiated treatment across client segments. This is not an operational or supply-chain problem; it is a relationship-depth and client-retention problem that personalisation is well positioned to address.","runs\2026-08-21T13-58-33__f4377d"
"case_012","baseline","0","PASS","PRE_ADVISOR","Atelier Signal","ADVISOR_MEDIATED","INDIVIDUAL","LOW","HIGH","Sales associate reviews a daily private briefing on their client roster — surfaced through a secure tablet or POS-adjacent interface — before the boutique opens or ahead of a scheduled appointment","AI ingests omnichannel signals — purchase history, e-commerce browsing, wishlist additions, event attendance, and third-party lifestyle indicators — and produces a concise, ranked client intelligence note for each associate. The note identifies clients showing early disengagement patterns (reduced visit frequency, browse-without-purchase behaviour, category drift toward entry-level lines) and surfaces contextually relevant conversation anchors: a limited-edition reissue aligned to a past purchase, a new collaboration matching a documented aesthetic preference, or an invitation-worthy moment such as a private preview. Crucially, the AI outputs reasoning in natural, narrative language rather than scores or flags, so the associate can exercise genuine judgement and preserve the impression of spontaneous, intuitive attention. No outreach is automated; every communication originates from the associate.","","","runs\2026-08-21T13-59-25__eb6ead"
"case_012","baseline","1","PASS","PRE_ADVISOR","Atelier Signal","ADVISOR_MEDIATED","INDIVIDUAL","LOW","HIGH","Sales associate reviews a daily private briefing on a secure tablet before the boutique opens, surfacing select clients whose engagement signals warrant a personal gesture","AI ingests omnichannel data — boutique visit cadence, e-commerce browsing depth, editorial content engagement, and purchase recency — to produce a ranked shortlist of clients showing early defection risk or latent appetite for an upcoming limited edition or collaboration. For each flagged client the model drafts a suggested conversation prompt or outreach rationale in the associate's own register, drawing on that client's documented preferences and relationship history. The output is framed as a discreet advisory note, not an instruction, preserving the associate's judgment and voice.","","","runs\2026-08-21T13-59-34__b9e55e"
"case_012","baseline","2","PASS","PRE_ADVISOR","Atelier Signal","ADVISOR_MEDIATED","INDIVIDUAL","LOW","HIGH","Sales associate reviews a daily briefing on their clienteling tablet before the boutique opens, surfacing a curated shortlist of clients warranting personal outreach that day","AI ingests omnichannel signals — purchase history, e-commerce browsing, wish-list additions, event attendance, and third-party lifestyle indicators — to score each client's engagement trajectory and defection risk. It then generates a ranked shortlist of clients for whom timely, personally relevant contact is warranted, along with a single narrative rationale per client (e.g., 'browsed Murakami reissue three times, last in-store visit was nine months ago, anniversary approaching'). The AI proposes a conversation prompt and a product angle but never triggers outreach autonomously; the associate reads, judges, and decides whether and how to act.","","","runs\2026-08-21T13-59-42__4a2eb7"
"case_013","full","0","PASS","PRE_BACKSTAGE","Silent Allocation Engine","BACKSTAGE","COHORT","LOW","MEDIUM","Fleet operations coordinators and dispatch planners, during the 72-to-120-hour rolling horizon before any client trip request is formally received, operating through an internal scheduling and resource dashboard visible only to staff","The AI continuously ingests aggregated flight demand signals — historical booking cadence by ownership tier, seasonal travel patterns, known recurring commitments such as board meetings and sporting calendars, aircraft maintenance windows, and crew availability — to produce probabilistic fleet positioning recommendations. It pre-stages aircraft and crew pairings at the nodes most likely to be needed before clients call. It also surfaces quiet capacity pressure warnings when a cluster of high-priority owners is likely to converge on the same region in the same window, allowing coordinators to secure supplemental lift in advance rather than reactively. All outputs are framed as ranked options with confidence intervals, not directives; a human coordinator reviews, adjusts, and acts. The AI has no awareness of named individuals and operates on anonymised ownership-tier cohorts, so no personal data is processed at this stage. The result is that when a client does call, the coordinator already has a credible, high-quality option to offer without visible scramble or delay, preserving the impression of effortless readiness that defines the service relationship.","D2;D5;D4;D3","The core problem described is fundamentally about personalisation: how NetJets can use AI to deepen its understanding of individual ultra-high-net-worth owners—anticipating their catering preferences, pet transport needs, cabin configurations, and travel patterns—while preserving the human-led, high-touch relationship model that these clients expect. This is a classic relationship-depth and client-experience challenge, not an operational or authentication problem. The tension the brief identifies—between leveraging data-driven personalisation and maintaining trust, discretion, and the primacy of human concierge relationships—is precisely the kind of nuanced personalisation strategy question the system is designed to address. The dimensional profile further supports this: strict scenic invisibility requires backstage AI, the UNM motivation profile demands sensitivity to privacy, and strong symbolic orchestration control means personalisation outputs must be mediated through human touchpoints. All of these are personalisation design constraints, not reasons to refuse.","runs\2026-08-21T13-59-51__ba9256"
"case_013","full","1","PASS","PRE_BACKSTAGE","Silent Reserve Engine","BACKSTAGE","COHORT","LOW","MEDIUM","Fleet operations schedulers and flight coordinators, during the 72-hour rolling planning window, through an internal allocation dashboard that surfaces probabilistic demand signals","The system ingests historical flight patterns, owner contract tiers, seasonal travel indices, geopolitical event calendars, and anonymised behavioural signals from past bookings to generate rolling 72-hour demand forecasts at the fleet and tail-number level. It outputs a ranked probability distribution of likely departure windows, route clusters, and aircraft-type demand per ownership cohort, allowing schedulers to pre-position aircraft, crew pairings, and maintenance slots before any client request is logged. The AI does not generate client-facing content, does not access named owner profiles directly, and does not trigger any communication. Its sole output is an internal operational readiness score per fleet segment that schedulers use to make pre-emptive repositioning decisions. All repositioning actions are authorised and executed by human schedulers who apply their own knowledge of standing owner preferences before acting.","D2;D5;D1;D4","The core problem described is fundamentally about personalisation: how NetJets can deepen its understanding of individual ultra-high-net-worth owners' preferences—catering, pet transport, cabin configuration, scheduling patterns—and deliver hyper-relevant, anticipatory service while keeping AI invisible behind the human concierge layer. This is a relationship-depth and client-experience challenge, not an operational or authentication problem. The tension the brief identifies (integrating AI-driven personalisation without eroding the high-touch, trust-based human relationship) is precisely the kind of challenge that a personalisation strategy must address, particularly given the strict scenic invisibility requirement and the privacy-driven motivation profile of the client base. Personalisation is not incidental here; it is the stated mechanism through which the brand intends to strengthen individual client relationships and retention.","runs\2026-08-21T14-00-37__d5421d"
"case_013","full","2","PASS","PRE_BACKSTAGE","Silent Allocation Engine","BACKSTAGE","COHORT","LOW","MEDIUM","Fleet operations coordinators and owner services directors, during the 72-to-120-hour pre-departure planning window, through an internal scheduling and resource management dashboard that is never surfaced to clients","The AI continuously ingests anonymized historical travel patterns, seasonal demand signals, maintenance schedules, and aggregate owner behavior across the fleet to produce probabilistic demand forecasts at the cohort level — grouping owners by behavioral signature rather than identity. These forecasts are translated into pre-positioning recommendations: which aircraft types to stage at which bases, which crew configurations to pre-assign, and which maintenance slots to protect or defer. All outputs are presented to operations coordinators as ranked options with confidence intervals, not directives. Coordinators review, override, or accept recommendations before any resource commitment is made. No forecast output, no algorithmic rationale, and no cohort classification is ever transmitted to client-facing staff in a form that references the underlying model; what flows forward is the coordinator's own judgment, expressed as a staffing and positioning plan.","D2;D5;D4","The core problem described is fundamentally about how NetJets relates to individual ultra-high-net-worth clients: how to deepen relationship quality, improve the relevance and bespoke nature of what is offered to each owner, and maintain the consistency and warmth of the client experience—all while integrating AI behind the scenes. The brief explicitly foregrounds client personalization alongside fleet logistics, and the central tension is preserving trust and relationship depth as technology is introduced. The strict scenic invisibility requirement and the emphasis on human-led, individually tailored service make this a textbook personalisation challenge: how to use data and intelligence to enhance what each client experiences without surfacing the machinery. While fleet logistics optimization is an operational concern that would fall outside scope, the client-facing dimension—anticipating preferences, curating in-flight experiences, maintaining continuity of relationship across touchpoints—is squarely a personalisation problem and warrants proceeding.","runs\2026-08-21T14-01-29__b11275"
"case_013","minus_critic","0","PASS","PRE_BACKSTAGE","Silent Allocation Engine","BACKSTAGE","COHORT","LOW","MEDIUM","Fleet operations analysts and owner services coordinators, during daily and rolling 72-hour planning cycles, through an internal logistics dashboard invisible to clients","The AI continuously ingests anonymized historical flight patterns, seasonal demand signals, maintenance schedules, and macro-event calendars to generate probabilistic demand forecasts at the cohort level — grouping owners by behavioral signatures such as typical departure windows, preferred routes, and seasonal usage intensity without surfacing individual identity. These forecasts are translated into aircraft pre-positioning recommendations: which tail numbers to stage at which FBOs, when to schedule maintenance windows to avoid demand peaks, and where to hold reserve capacity. All outputs are presented as ranked option sets with confidence intervals, not directives. The human coordinator team reviews, challenges, and authorizes each positioning decision before it enters the dispatch system. No forecast output is ever transmitted to a client or referenced in client communication. The coordinator retains full authority to override on the basis of knowledge the model cannot hold — a known ownership transfer, a confidential medical situation, an unlogged relationship context — and those overrides are logged as training signal to improve future cohort calibration without re-identifying the individual.","D2;D5;D4;D1","The core problem described is fundamentally about personalisation: how NetJets tailors its service offering to individual ultra-high-net-worth owners—anticipating their preferences, curating bespoke in-flight experiences, and deepening the relationship between each client and their dedicated flight coordinator. The challenge is not purely operational (fleet logistics optimisation alone would be refused); rather, it centres on how AI-driven client intelligence can enhance the relevance, consistency, and depth of what each owner experiences, while remaining invisible behind the human-led service model. The strict scenic invisibility requirement and the emphasis on trust, discretion, and personal concierge relationships all confirm that the problem is about the quality of the brand's relationship with individual clients—precisely the domain personalisation is designed to address.","runs\2026-08-21T14-02-15__44e663"
"case_013","minus_critic","1","PASS","PRE_BACKSTAGE","Silent Allocation Engine","BACKSTAGE","COHORT","LOW","MEDIUM","Fleet operations coordinators and owner services teams, during the 72-to-96-hour demand planning window before flight requests are confirmed, accessed through internal scheduling dashboards invisible to clients","The AI continuously ingests historical flight patterns, seasonal demand signals, maintenance schedules, and anonymized behavioral data across the fractional ownership base to produce ranked fleet allocation recommendations for each upcoming demand cluster. It surfaces these recommendations as structured briefing inputs to human coordinators — not as autonomous decisions. Coordinators review, override, and finalize allocations using their contextual knowledge of individual account relationships and operational priorities. The AI also flags latent demand risk: accounts whose behavioral patterns suggest an unplanned request is likely within a short horizon, giving coordinators time to pre-position aircraft without the client ever perceiving the anticipation. All outputs are expressed as operational options with confidence intervals, not directives. The curatorial layer is entirely human.","D2;D5;D1;D3","The core problem described is fundamentally about how NetJets relates to individual ultra-high-net-worth clients — specifically, how to deepen relevance and consistency of the client experience through AI-driven personalisation while preserving the human-led, high-touch service model that underpins trust. The brief explicitly concerns bespoke in-flight preferences, personal flight coordination, and the quality of the relationship between the brand and each owner. These are classic personalisation challenges: understanding individual client needs, tailoring offerings accordingly, and ensuring that the experience feels curated rather than algorithmic. While fleet logistics is mentioned, the stated tension is not an operational optimisation problem in isolation; it is about ensuring that any operational intelligence serves and enhances the personal relationship rather than replacing it. The dimensional profile — strict scenic invisibility, strong symbolic orchestration control, and a UNM motivation profile — further confirms that the problem is well-suited to a personalisation framework that must operate invisibly behind human intermediaries. This is a legitimate personalisation problem and should proceed.","runs\2026-08-21T14-02-55__6fdfea"
"case_013","minus_critic","2","PASS","PRE_BACKSTAGE","Silent Horizon","BACKSTAGE","COHORT","LOW","MEDIUM","Fleet operations planners and flight coordinators interact with the system through an internal scheduling and allocation dashboard, before any client-facing communication is initiated","The system ingests historical flight patterns, fractional share utilization rates, seasonal demand signals, and macro-event calendars to produce probabilistic fleet positioning recommendations 14–72 hours ahead of anticipated demand. It clusters owners into behavioral cohorts based on anonymized travel signatures — not individual profiles — and surfaces repositioning priorities to operations staff. When a positioning recommendation is generated, it arrives as a ranked option set with confidence intervals, not a single directive, preserving planner judgment. No recommendation is transmitted to a client or their concierge until a human coordinator has reviewed, modified if appropriate, and approved it. The system additionally flags cohort-level demand anomalies that suggest emerging availability pressure, allowing coordinators to proactively manage guaranteed-availability commitments before any client experiences a constraint. All outputs are internal operational intelligence; the client encounter remains entirely mediated by the human flight coordinator who holds the relationship.","D2;D5;D3;D4","The core problem described is fundamentally about personalisation: how NetJets can use AI to deepen the relevance and quality of what is offered to each individual owner—anticipating preferences, tailoring in-flight experiences, and enhancing the personal concierge relationship—without undermining the human-led trust model that ultra-high-net-worth clients expect. The challenge is not purely operational (fleet logistics optimisation alone would be refused); rather, it centres on the client-facing dimension of how predictive intelligence can make each owner's experience more individually attuned while preserving the relational intimacy and discretion that define the brand. The dimensional profile reinforces this: strict scenic invisibility requires AI to work behind the scenes to empower human advisors, UNM motivation demands sensitivity to privacy and personal trust, and strong orchestration control means personalisation must be curated through human intermediaries. These are classic personalisation design questions—how to differentiate the offering per client, sustain relationship depth, and maintain experiential consistency—making this an appropriate problem for a personalisation-oriented solution.","runs\2026-08-21T14-03-45__c4e8bd"
"case_013","minus_loop","0","PASS","PRE_BACKSTAGE","Silent Allocation Engine","BACKSTAGE","COHORT","LOW","MEDIUM","Fleet operations coordinators and Owner Services managers interact with the system through an internal planning dashboard, before any client communication is initiated, during the 72-to-120-hour pre-departure planning window","The AI ingests historical flight patterns, fractional share utilization rates, seasonal demand signals, maintenance schedules, and anonymized cohort-level behavioral data to produce probabilistic demand forecasts at the route-cluster and time-band level. It then generates pre-positioned aircraft allocation recommendations — staging specific tail numbers and crew pairings in proximity to anticipated demand nodes before any client request is logged. Outputs are presented to human coordinators as ranked allocation options with confidence intervals, not as directives. Coordinators retain full authority to override, reprioritize, or discard recommendations based on relationship context or information the model cannot hold. The system never surfaces to the client layer; clients experience only the outcome, which is that aircraft and crew are already oriented toward their likely need before they call.","D2;D5;D1;D3","The core problem described is fundamentally about personalisation: how to deepen and maintain the quality of individual client relationships, tailor offerings to each ultra-high-net-worth client's preferences, and ensure consistency of bespoke experience—all while integrating AI in a way that remains invisible behind the human-led service model. The brief explicitly centres on client-facing concerns such as trust, relevance of service to individual owners, retention of the emotional bond between dedicated flight coordinators and clients, and the risk that poorly implemented technology could erode relationship depth. These are classic personalisation challenges—determining what to offer to whom, how to anticipate individual needs, and how to enhance rather than replace the human touch. While fleet logistics is mentioned, the stated difficulty is not an operational optimisation problem in isolation; it is about ensuring that any operational AI feeds into a more relevant, more personal client experience without compromising the brand's relational promise. Personalisation is therefore a fitting lens through which to address this problem.","runs\2026-08-21T14-04-28__427d59"
"case_013","minus_loop","1","PASS","PRE_BACKSTAGE","Silent Allocation Engine","BACKSTAGE","COHORT","LOW","MEDIUM","Fleet operations coordinators and owner services managers, during the 72-to-96-hour planning horizon before any client trip materializes, operating through internal scheduling and allocation dashboards that clients never see","The AI continuously ingests anonymized historical flight patterns, seasonal demand signals, maintenance schedules, positioning costs, and aggregate behavioral data across the owner base to produce probabilistic demand forecasts at the cohort level. It pre-positions aircraft and crew resources in anticipation of demand clusters before individual trip requests are submitted, so that when a coordinator receives a client call, guaranteed availability is already structurally in place rather than reactively assembled. The system surfaces ranked allocation recommendations to human coordinators, who review, override, and finalize all positioning decisions before any resource commitment is made. No output reaches the client layer; the coordinator's judgment is the only thing the client ever encounters.","D2;D5;D1;D4","The core problem described is fundamentally about personalisation: how NetJets can use AI to deepen the relevance and quality of what is offered to each individual owner—tailoring flight preferences, in-cabin experiences, catering, scheduling patterns, and concierge interactions—while preserving the human-led relationship model that ultra-high-net-worth clients expect. The challenge is not purely operational or logistical; it centres on the client relationship layer, specifically how to make each owner's experience more individually attuned without making the underlying intelligence visible or eroding trust. The strict scenic invisibility requirement and the privacy-oriented motivation profile make this a nuanced personalisation problem: the system must enhance relevance per client while remaining imperceptible. This is a legitimate personalisation use case where differentiating the offering per individual directly addresses the stated business tension.","runs\2026-08-21T14-05-23__2cf012"
"case_013","minus_loop","2","PASS","PRE_BACKSTAGE","Silent Fleet Oracle","BACKSTAGE","COHORT","LOW","MEDIUM","Fleet operations coordinators and flight support analysts, working within internal scheduling and allocation systems, days to weeks ahead of any client-facing interaction","A demand forecasting engine that continuously ingests anonymised flight history, seasonal travel patterns, owner preference signals derived from past trip data, and macroeconomic event calendars to produce probabilistic demand maps across the fleet. The system generates repositioning recommendations, tail-assignment priorities, and crew pre-positioning schedules that are surfaced exclusively to operations staff as ranked options with confidence intervals. It flags latent demand clusters — for example, a concentration of owners likely to request transatlantic capacity during a specific awards season window — so that aircraft and crew can be staged in advance without any client being contacted or prompted. All output is presented as decision support: coordinators retain full authority to accept, modify, or override any recommendation, and the system records the rationale for overrides to improve subsequent calibration. No algorithmic output is translated into client communication without a human coordinator reviewing it and re-framing it in relational terms consistent with each owner's established service relationship.","D2;D5;D3;D4","The problem statement explicitly includes client personalisation as a core challenge alongside fleet logistics. The brief describes a need to deepen individual client relationships by anticipating owner-specific preferences—catering, pet transport, cabin configuration, scheduling patterns—and delivering those through human-led touchpoints. This is fundamentally a question of how the brand relates to each individual owner: how relevant and bespoke the experience feels, how consistently preferences are remembered and acted upon, and how trust is maintained as AI is introduced behind the scenes. The operational logistics component (fleet positioning, maintenance scheduling) would fall outside personalisation scope, but the client-facing dimension—using predictive intelligence to enhance the quality, consistency, and relevance of each owner's experience while preserving the high-touch human relationship—is squarely a personalisation problem. The strict scenic invisibility requirement and the ultra-high-net-worth motivation profile make this a particularly well-suited case for backstage personalisation that empowers human advisors rather than replacing them.","runs\2026-08-21T14-06-05__541514"
"case_013","llm_bands","0","PASS","PRE_BACKSTAGE","Silent Allocation Engine","BACKSTAGE","COHORT","LOW","MEDIUM","Fleet operations coordinators, during the 72-to-96-hour pre-scheduling window, via an internal logistics dashboard never seen by clients","The AI ingests historical flight patterns, owner contract tiers, seasonal demand signals, maintenance schedules, and anonymized behavioral data to produce probabilistic demand forecasts at the cohort level. It pre-positions aircraft and crew across hubs to reduce repositioning time and increase availability confidence before any owner request is made. Outputs are presented to human coordinators as ranked allocation options with confidence intervals, not as automated decisions. Coordinators review, override, and commit each allocation. No forecast or recommendation surfaces in any client-facing system or communication.","D2;D5;D4","The core problem described is fundamentally about how NetJets relates to individual ultra-high-net-worth clients — specifically, how to deepen relevance, consistency, and quality of the client experience through AI-augmented personalisation while preserving the human-led trust model. The brief explicitly references bespoke in-flight preferences, personal concierge relationships, and the need to tailor offerings to individual owners' schedules and tastes. These are classic personalisation challenges: understanding each client deeply enough to anticipate needs, curating experiences per individual, and maintaining relationship continuity. The operational logistics dimension exists but is secondary to the stated tension, which centres on the client relationship layer. The strict scenic invisibility requirement and strong symbolic orchestration control further confirm that the real design challenge is how personalisation is delivered (invisibly, through human intermediaries) rather than whether it is relevant. This is a well-suited personalisation problem.","runs\2026-08-21T14-06-50__8065bb"
"case_013","llm_bands","1","PASS","PRE_BACKSTAGE","Shadow Fleet","BACKSTAGE","INDIVIDUAL","LOW","MEDIUM","Fleet operations planners and owner services coordinators interact with the system through an internal scheduling and allocation dashboard, before any client communication is initiated","The AI continuously ingests historical flight request patterns, seasonal demand signals, maintenance schedules, and owner-level preference data to produce rolling probabilistic forecasts of aircraft demand across the fleet. For each owner segment and individual account, it generates ranked availability scenarios 14 to 90 days forward, flagging periods where guaranteed availability is at structural risk and pre-positioning aircraft accordingly. It also surfaces latent preference signals — recurring routing choices, cabin configuration requests, ground transport timing — and packages these as annotated briefing notes delivered to the human coordinator before any owner interaction. The system never contacts the owner or generates client-facing output directly. All outputs are internal operational documents. Coordinators use the briefing notes as preparation material, not as scripts; the notes inform the human's judgment rather than replacing it. Curatorial filtering is enforced by requiring a coordinator to review and accept or override every allocation recommendation before it is acted upon.","D2;D5;D1;D4","The problem statement explicitly includes client personalisation as a core challenge alongside fleet logistics. The brief describes a need to anticipate and prepare individualised in-flight experiences—catering preferences, pet transport, cabin configurations—based on owner profiles, while ensuring these AI-driven insights are delivered through human concierge relationships rather than exposed as algorithmic outputs. This is fundamentally a question of how the brand relates to individual clients: deepening relationship quality, improving relevance of what is offered to each owner, and maintaining the consistency and warmth of the client experience. The dimensional profile further supports this, with strict scenic invisibility requiring AI to remain backstage, a balanced consumption value orientation that weights emotional and relational attributes alongside functional ones, and an autonomy-driven motivation profile where UHNW owners expect discretion and expert-mediated service. Personalisation is not being applied to an operational problem in disguise; it is central to the stated challenge of enhancing bespoke service without undermining the trust model.","runs\2026-08-21T14-07-34__e91465"
"case_013","llm_bands","2","PASS","PRE_BACKSTAGE","Silent Allocation Engine","BACKSTAGE","COHORT","LOW","MEDIUM","Fleet operations coordinators, during nightly and rolling 72-hour planning cycles, through an internal scheduling and allocation dashboard that is never surfaced to clients","The AI ingests historical flight patterns, contractual share entitlements, seasonal demand signals, maintenance schedules, and anonymized behavioral data aggregated at the cohort level to produce probabilistic demand forecasts. It pre-positions aircraft and crew by region and time window before requests are made, reducing repositioning latency and protecting guaranteed availability. Its outputs are presented to human coordinators as ranked allocation options with confidence intervals, not as executed decisions. Coordinators review, override, and finalize every material allocation choice. The system also flags emerging capacity pressure points so coordinators can proactively manage potential conflicts before they reach client-facing staff, preserving the appearance of effortless availability.","D2;D5;D1;D3","The core problem described is fundamentally about how NetJets relates to individual ultra-high-net-worth clients — specifically, how to deepen relevance and consistency of the client experience through AI-driven personalisation while preserving the human-led, high-touch relationship model that underpins trust. The brief explicitly concerns bespoke in-flight services, personal preferences, and dedicated flight coordinator relationships, all of which are classic personalisation domains: tailoring what is offered to whom, maintaining relationship depth, and ensuring experiential quality per client. While fleet logistics is mentioned alongside personalisation, the stated tension is not purely operational; it centres on the risk that visible automation could erode the perceived intimacy and discretion of the service. This is a legitimate personalisation challenge — how to use AI to enhance individual client relevance without compromising the relational and symbolic qualities of the brand — and is well suited to proceed.","runs\2026-08-21T14-08-23__e6940f"
"case_013","baseline","0","PASS","PRE_BACKSTAGE","Silent Steward","BACKSTAGE","ONE_OF_ONE","LOW","HIGH","Flight coordinators and operations planners, in the 24–72 hours before departure, through an internal planning dashboard","The AI ingests owner profile data, historical preference records, catering and pet-transport logs, Starlink-enabled connectivity patterns, crew availability, maintenance windows, FBO slot constraints, weather forecasts, and regulatory NOTAMs to generate a ranked, ready-to-act pre-departure brief for each flight. It surfaces anomalies—a preferred FBO at Teterboro approaching capacity, a catering supplier flagged for a known allergy ingredient, a tail number due for an inspection window—and proposes specific remediation options. The coordinator reviews, adjusts, and approves; the AI never acts autonomously. Simultaneously, the same engine models fleet-wide positioning across the 419,000-departure schedule, recommending proactive repositioning moves to protect guaranteed availability commitments before congestion materialises.","","","runs\2026-08-21T14-09-19__772e9d"
"case_013","baseline","1","PASS","PRE_BACKSTAGE","Silent Steward","BACKSTAGE","ONE_OF_ONE","LOW","HIGH","Flight coordinators and operations planners, in the 12–72 hours before departure, via an internal planning dashboard integrated with NetJets' existing dispatch and owner-profile systems","The AI continuously ingests owner preference histories, catering and pet-transport records, Starlink connectivity data, FBO capacity signals, weather feeds, maintenance schedules, and crew availability to generate a pre-departure briefing pack for each flight coordinator. It surfaces ranked hospitality recommendations—specific meal configurations, cabin temperature preferences, ground transport timing, pet accommodation requirements—alongside operational risk flags such as predicted airport congestion or maintenance windows, all framed as coordinator-ready suggestions rather than autonomous decisions. The coordinator reviews, adjusts, and owns the final service plan, which is then executed under their name and relationship.","","","runs\2026-08-21T14-09-28__d4b1a4"
"case_013","baseline","2","PASS","PRE_BACKSTAGE","Silent Steward","BACKSTAGE","ONE_OF_ONE","LOW","HIGH","Flight coordinators and operations planners, in the 72-hour window before departure, via an internal planning dashboard integrated into existing dispatch and crew management systems","The AI ingests owner profile data, historical preference records, real-time weather feeds, FBO capacity signals, NOTAM streams, and maintenance schedules to produce a ranked, pre-departure briefing pack for each coordinator. For each upcoming flight it surfaces three outputs: a logistics risk score flagging airport congestion or FBO constraints with suggested re-routing options; a crew and aircraft positioning recommendation that pre-empts bottlenecks before they become visible to the owner; and a hospitality prompt sheet listing predicted catering choices, cabin configuration preferences, pet logistics, and any anniversary or occasion flags drawn from CRM history. The coordinator reviews, adjusts, and owns every decision before anything is communicated to the owner or cabin crew. The AI never contacts the owner directly and is never referenced in client-facing communication.","","","runs\2026-08-21T14-09-37__a18f19"
"case_014","full","0","PASS","AT_BACKSTAGE","Provenance Continuity Engine","BACKSTAGE","INDIVIDUAL","LOW","LOW","The relationship manager, during any client encounter involving a vehicle — delivery, service intake, Coachbuild consultation, or pre-owned acquisition — accessing a consolidated provenance dossier through an internal case-management interface invisible to the client","At the moment a vehicle or commission enters an active client encounter, the system silently cross-references the vehicle's build record, bespoke specification history, component authentication logs, and ownership chain against the relationship manager's current client file. It surfaces discrepancies, gaps in provenance documentation, or unauthenticated elements as internal alerts before or during the encounter, giving the relationship manager time to resolve or explain them without the client observing any uncertainty. Where records are complete, it assembles a plain-language provenance summary — materials sourced, craftspeople involved, commission decisions made — that the manager can draw on conversationally without consulting documents in front of the client. The system does not generate client-facing output of any kind; it does not personalise the encounter directly; it does not score or rank the client. Its sole function is to ensure the human manager enters every vehicle-related moment with accurate, complete, and narratively coherent provenance knowledge already in hand.","D2;D5;D3;D1","The problem is fundamentally about how Rolls-Royce relates to individual clients at scale — maintaining relationship depth, relevance of curated offerings, and experiential consistency across a globally dispersed ultra-high-net-worth owner base through the Whispers app. This is a classic personalisation challenge: differentiating what is surfaced, recommended, and communicated to each owner so that the digital channel feels as intimate and bespoke as the human-to-human relationships the brand is built on. The dimensional profile — strict scenic invisibility, emotional value orientation, strong symbolic control — adds meaningful constraints that shape how personalisation should be designed, but none of them negate the core need. The stated risk (algorithmic sterility eroding warmth and prestige) is itself a personalisation design problem, not a reason to refuse; it simply demands that personalisation operate invisibly behind human curators rather than as a client-facing algorithmic layer. The brief is not about authentication, supply chain, or operational efficiency; it is squarely about scaling relevance and relationship quality per client.","runs\2026-08-21T14-09-45__83bae7"
"case_014","full","1","PASS","AT_BACKSTAGE","Provenance Integrity Checker","BACKSTAGE","SEGMENT","LOW","LOW","The relationship manager, at the moment a pre-owned vehicle enters the acquisition or transfer pipeline, via an internal case management interface invisible to the client","When a vehicle is flagged for potential acquisition, transfer, or authentication inquiry, the AI cross-references the chassis record against the manufacturer's production archive, service history logs, and documented custody chain. It applies a standardized verification protocol — the same schema for every vehicle regardless of who currently owns it — to confirm that the vehicle identity matches factory records, that each custody transfer is documented without gaps, and that no record anomalies are present. The output is a structured status report with three fixed fields: authentication confidence (confirmed, unresolved, or flagged), custody chain completeness (complete, partial, or broken), and any outstanding documentation actions required. The engine does not assess the symbolic significance of specification choices to the current owner, does not produce narrative framing, and does not vary its output structure based on who is asking or who the custodian is. The relationship manager reads the report and decides independently what, if anything, to communicate to the client and in what form.","D2;D3;D5","The problem is squarely a personalisation challenge. Rolls-Royce's difficulty is not operational — it is about how the brand relates to each individual owner at scale: deepening relationship relevance, curating the right experiences and offerings for the right client, and maintaining the intimacy and consistency of the client experience across a globally dispersed owner base via the Whispers app. The dimensional profile — strict scenic invisibility, emotional-led value orientation, strong symbolic orchestration control — adds meaningful constraints that shape how personalisation must be designed, but they do not negate the need for it. Differentiating the digital relationship per client is precisely what the brief calls for, and the stated risk (algorithmic coldness eroding brand warmth) is a design constraint within personalisation, not a reason to reject it.","runs\2026-08-21T14-10-40__e407e7"
"case_014","full","2","PASS","NON_BACKSTAGE","Silent Provenance Engine","BACKSTAGE","COHORT","LOW","LOW","Internal design and product development teams interact with the system during early-stage bespoke commission intake and model variant planning, via a restricted internal dashboard accessible only to senior product curators and design directors — no client surface exists","The AI ingests anonymised longitudinal signals from completed commissions — material selections, specification sequences, revision patterns, regional atelier preferences, and post-delivery service records — and surfaces latent pattern clusters to design teams as structured briefs. These briefs identify which material combinations, structural configurations, and craft techniques are converging across the owner base before any single client has articulated the demand explicitly. The output is a ranked set of directional hypotheses, each accompanied by the historical commission evidence underpinning it, delivered as internal working documents. Design directors then exercise independent editorial judgment: they may accept, discard, reframe, or hold a hypothesis for future review. No hypothesis reaches a client encounter, a product announcement, or an atelier conversation without passing through this human curatorial gate. The AI does not generate recommendations about individual owners and holds no owner-identifiable records; its unit of analysis is the anonymous pattern, not the person.","D2;D5;D1;D4","The problem is fundamentally about how Rolls-Royce relates to individual UHNW clients at scale — maintaining relationship depth, relevance, and emotional intimacy through the Whispers app while preserving the brand's human-centric identity. This is a classic personalisation challenge: differentiating what is offered, surfaced, and communicated to each owner based on their preferences, history, and lifestyle, all while keeping the algorithmic layer scenically invisible behind human curators. The brief's core tension — scaling intimate, one-to-one relationship management across a globally dispersed owner base without eroding authenticity — is precisely the kind of problem that thoughtful, backstage personalisation is designed to solve. It is not an operational or supply-chain issue; it is about client experience quality, relationship consistency, and retention within an ultra-exclusive context.","runs\2026-08-21T14-11-41__e6855c"
"case_014","minus_critic","0","PASS","AT_BACKSTAGE","Provenance Continuity Engine","BACKSTAGE","INDIVIDUAL","LOW","LOW","The brand's regional client advisors, at the moment an owner inquiry arrives via the Whispers app or ahead of a scheduled curator call, through an internal advisor dashboard invisible to the owner","The system continuously ingests and cross-references structured provenance records — commission specifications, bespoke material choices, delivery history, prior service interactions, and authenticated ownership transfers — for each vehicle in the owner's portfolio. When an advisor is preparing to respond to an owner, the system surfaces a consolidated, ranked provenance brief: factual gaps in the ownership record that the advisor might close through conversation, authentication anomalies requiring physical verification at the Goodwood facility, and relevant craft details (specific artisan teams, hand-finishing techniques applied to that commission) that the advisor can draw on to deepen the narrative. The output is a structured internal document, not a client-facing communication. The advisor reads it, discards what is irrelevant, and composes their own response in their own voice. No algorithmic language, no generated text, and no system reference reaches the owner.","D2;D5;D1;D4","The problem is fundamentally about how Rolls-Royce relates to individual clients at scale — maintaining relationship depth, relevance, and emotional intimacy across a globally dispersed owner base through the Whispers app. The challenge is not operational (authentication, supply chain, inventory) but experiential: how to make each digital touchpoint feel as personally curated and human as the bespoke commissioning process, without the visible fingerprints of algorithmic mediation. Personalisation is directly germane here because the core difficulty is differentiating what each owner sees, receives, and experiences so that the digital channel reinforces rather than dilutes the one-to-one relationship the brand promises. The dimensional profile — strict scenic invisibility, strong symbolic orchestration, emotional-led value, and inconspicuous motivation — adds meaningful constraints that shape how personalisation must be designed, but none of them argue against personalisation itself; they argue for a particular kind of it. This is a legitimate personalisation problem.","runs\2026-08-21T14-12-20__2897bc"
"case_014","minus_critic","1","PASS","AT_BACKSTAGE","Provenance Continuity Engine","BACKSTAGE","INDIVIDUAL","LOW","LOW","The client relations manager, at the moment a client inquiry or commission discussion is opened, via an internal case-management interface invisible to the client","When a client interaction is initiated — whether a service appointment, a Coachbuild consultation, or a Whispers-originated request — the system silently cross-references the vehicle's full production record, bespoke specification history, and authenticated material provenance against the client's relationship file. It surfaces a structured briefing note for the human advisor: confirmed facts about the specific vehicle's hand-assembly sequence, the craftspeople involved, the origin of bespoke materials, and any documented ownership milestones. The AI does no interpretation and makes no recommendations; it assembles verified provenance data into a form the advisor can read in under two minutes before the encounter begins. The advisor then decides which details to introduce, how, and when — converting authenticated record into personal narrative entirely through their own judgment and voice. No output of the system is ever transmitted to the client or referenced in client-facing communications without human reformulation.","D2;D5;D1;D4","The problem is fundamentally about how Rolls-Royce relates to individual UHNW clients at scale — maintaining relationship depth, relevance, and experiential consistency across a globally dispersed owner base through the Whispers app. This is a classic personalisation challenge: how to make each client feel individually known and curated for, even as the digital channel scales, without the algorithmic mediation becoming visible or undermining the brand's human-craft identity. The dimensional profile — objective scarcity, strict scenic invisibility, emotional-led value, UNM motivation, and strong symbolic orchestration control — all point to a context where personalisation must be exceptionally discreet and human-mediated, but the core need (differentiating the offering and relationship per client to sustain intimacy at scale) is squarely a personalisation problem. This is not an operational or authentication issue; it is about the quality and consistency of the individual client relationship.","runs\2026-08-21T14-12-56__2f278f"
"case_014","minus_critic","2","PASS","AT_BACKSTAGE","Provenance Continuity Engine","BACKSTAGE","INDIVIDUAL","LOW","LOW","The Private Office curator, at the moment a client inquiry or commission brief arrives, working within an internal case management interface invisible to the client","When a client interaction is initiated — a service appointment, a Coachbuild consultation, a Whispers-routed request — the system silently cross-references the client's vehicle history, prior bespoke specifications, artisan records from Goodwood, and authenticated provenance data across the marque's internal registry. It surfaces a structured briefing document to the assigned curator before any human contact occurs: a chronological provenance thread linking every vehicle the client has owned or commissioned, the craftspeople who worked on each, materials and finishes chosen, and any documented preferences or notable moments in the ownership relationship. The AI does not generate recommendations or compose language; it assembles verified factual provenance into a coherent dossier so the curator can speak from memory-like fluency rather than from visible file-searching. Authentication of vehicle records and cross-referencing of artisan attribution are handled by the same process, flagging discrepancies quietly for internal resolution before they could surface as awkward gaps in conversation. The output is a curator's private briefing, not a client-facing artefact.","D2;D5;D4;D1","The problem is fundamentally about how Rolls-Royce relates to individual owners at scale—deepening relationship relevance, curating what is offered to whom through the Whispers app, and maintaining the quality and consistency of a bespoke client experience across a globally dispersed base. This is a classic personalisation challenge: the brand already practises intimate one-to-one relationship management through its Private Office and Goodwood artisans, and the difficulty lies in extending that intimacy digitally without it feeling algorithmic. The dimensional profile—strict scenic invisibility, emotional-led consumption, strong symbolic orchestration, and inconspicuous-luxury motivations—adds meaningful constraints that shape how personalisation must be designed, but none of them negate the need for it. The core tension (scaling individual relevance while preserving human warmth and scarcity) is precisely the kind of problem that a well-conceived personalisation strategy can address.","runs\2026-08-21T14-13-46__053b27"
"case_014","minus_loop","0","PASS","AT_BACKSTAGE","Provenance Ledger Intelligence","BACKSTAGE","INDIVIDUAL","LOW","LOW","The Private Office curator, at the moment a client inquiry or commission discussion is initiated, through an internal case-management interface invisible to the client","During any client encounter — whether a Coachbuild consultation, a pre-owned acquisition discussion, or a service milestone — the system silently cross-references the vehicle's complete provenance record against authenticated production logs, bespoke specification archives, and custodial history held at Goodwood. It surfaces discrepancies, confirms authenticity of materials and build signatures, and assembles a structured provenance brief for the curator before or during the encounter. The curator receives a verified, narrative-ready factual dossier — dates, artisan attributions, material provenance, prior ownership lineage where permissible — which they then translate into spoken or written communication in their own voice. The AI performs no client-facing output; it resolves factual uncertainty and reduces the curator's cognitive load so that the human conversation remains unhurried, authoritative, and emotionally present. No algorithmic inference about client preference is generated; the system is strictly documentary and authenticating in scope.","D2;D5;D1;D3","The problem is fundamentally about how Rolls-Royce relates to individual owners at scale — curating relevant experiences, invitations, and recommendations through the Whispers app in a way that deepens each client relationship without eroding the brand's human-centred identity. This is a classic personalisation challenge: differentiating the digital offering per client to sustain relevance, intimacy, and retention across a globally dispersed ultra-high-net-worth base. The dimensional profile — objective scarcity, strict scenic invisibility, emotional value orientation, autonomy-driven motivation, and strong symbolic control — does not disqualify personalisation but rather defines the exacting constraints under which it must operate. The brief's core tension (scaling intimate relationship management digitally while preserving human warmth and symbolic scarcity) is precisely the kind of problem that thoughtful, backstage personalisation is designed to address.","runs\2026-08-21T14-14-25__a7c93a"
"case_014","minus_loop","1","PASS","NON_BACKSTAGE","Quiet Grain","BACKSTAGE","SEGMENT","LOW","LOW","Design studio teams and the Bespoke product development function interact with the system during pre-production material sourcing and specification reviews, through an internal research interface that sits entirely within the studio's existing workflow tooling and is never surfaced to clients","The AI ingests longitudinal data from three internal sources — anonymised commission records showing which material combinations, colour pairings, and surface treatments have been selected across completed bespoke orders; atelier production logs recording which specifications required remediation or extended hand-finishing time; and curatorial notes written by Private Office advisors after handover conversations. From these, it produces periodic written briefs — authored in plain descriptive language, not recommendation lists — that identify latent material and craft directions that have emerged across the owner base without any single owner having named them. These briefs are delivered to the head of Bespoke design and the studio's chief material curator on a quarterly cadence. No output is automated into any downstream system; every brief requires a human design decision before anything enters a development programme. The AI does not score, rank, or flag individual owners. It operates at the level of craft pattern recognition across aggregated commission history, and its outputs function as one input among several in the studio's existing design review process, which is chaired by human designers and artisans.","D2;D5;D1;D3","The problem is fundamentally about how Rolls-Royce relates to individual clients at scale: deepening relationship quality, curating relevant experiences and offerings per owner, and maintaining the intimacy of human-to-human connection across a globally dispersed UHNW base through the Whispers app. This is a classic personalisation challenge — differentiating what each client sees, receives, and experiences so that digital touchpoints feel as bespoke as the physical craftsmanship the brand is known for. The dimensional profile further confirms suitability: the strict scenic invisibility requirement, emotional consumption orientation, and strong symbolic orchestration control all point to a nuanced personalisation design problem rather than an operational or authentication issue. Personalisation directly addresses the stated tension between scaling digital relationship management and preserving intimate, individually meaningful client experiences.","runs\2026-08-21T14-15-02__b303dc"
"case_014","minus_loop","2","PASS","NON_BACKSTAGE","Silent Grain","BACKSTAGE","COHORT","LOW","LOW","Design studio teams and Coachbuild product planners, during the annual and mid-cycle design direction reviews, accessed through an internal research dashboard visible only to studio leadership","The AI ingests longitudinal behavioral signals from the Whispers app — patterns in which editorial content owners dwell on, which commission photography they save, which cultural event invitations they accept or decline — and aggregates these into anonymized cohort-level design intelligence reports. It identifies latent material, proportion, and motif preferences that are not yet legible as explicit requests but recur consistently across the owner base. These reports are delivered to design directors as structured research briefs, formatted identically to existing ethnographic and travel research inputs, with no algorithmic provenance surfaced in the document itself. The AI does not recommend specific design decisions; it surfaces pattern evidence that design teams can weigh alongside their own craft judgment, archival references, and material expertise. A human research editor reviews and contextualizes each output before it enters the studio workflow, and the editor holds discretion to suppress, reframe, or discard any finding that conflicts with the house's design philosophy or feels reductive of the commission process.","D2;D5;D1;D4","The problem is fundamentally about how Rolls-Royce relates to individual UHNW owners at scale — deepening relationship relevance, curating what is offered to whom through the Whispers app, and maintaining the quality and consistency of a bespoke client experience across a globally dispersed base. This is a classic personalisation challenge: differentiating the digital relationship per client (event invitations, concierge recommendations, lifestyle content) while preserving the brand's intimate, human-curated character. The dimensional profile — objective scarcity, strict scenic invisibility, emotional value orientation, quiet-signal motivation, and strong symbolic control — adds meaningful constraints that shape how personalisation should be designed, but none of them disqualify it; they define the design space. The problem is not operational (authentication, supply chain, sizing) but relational, and personalisation directly addresses the stated tension between scaling digital engagement and maintaining individual intimacy.","runs\2026-08-21T14-15-43__c7e5b0"
"case_014","llm_bands","0","PASS","AT_BACKSTAGE","Provenance Continuity Engine","BACKSTAGE","INDIVIDUAL","LOW","LOW","A Private Office specialist, during a client commission or acquisition encounter, consulting an internal curatorial dashboard — never surfaced to the client directly","The system continuously ingests structured provenance records — build specifications, bespoke commission histories, prior ownership transfers, authentication documentation, and factory correspondence — and cross-references them against the house's internal archive of materials, craftspeople, and atelier decisions. When a client encounter is in progress, the system surfaces a quietly assembled provenance brief to the attending specialist: a coherent, verified narrative thread connecting the specific vehicle or commission to its physical origins, the named artisans involved, and any material or design decisions that carry historical or personal significance to that client's known preferences. The AI does no outward communication; it organises and authenticates the factual substrate. The specialist then translates that substrate into a spoken or written account, in their own voice and judgment, selecting what to share and how. Authentication anomalies — mismatched build records, gaps in transfer documentation, inconsistencies in material provenance — are flagged silently for specialist review before the encounter proceeds, preventing the house from presenting unverified claims. No client-facing output is generated by the system at any point.","D2;D5;D1;D4","The problem is fundamentally about how Rolls-Royce relates to individual UHNW clients at scale — maintaining relationship depth, relevance, and experiential consistency across a globally dispersed owner base through the Whispers app. The challenge is not operational (authentication, supply chain, sizing) but relational: how to deepen and sustain one-to-one client relationships digitally without eroding the bespoke, human-curated character of the brand. Personalisation is directly germane here because the core tension is between scaling individualised relevance (what content, experiences, and opportunities are surfaced to which owner, and when) and preserving the emotional warmth and symbolic exclusivity that define the marque. The strict scenic invisibility requirement and strong symbolic orchestration control add design constraints but do not change the fact that the underlying need — differentiating the offering per client to sustain relationship quality — is a textbook personalisation problem.","runs\2026-08-21T14-16-23__4e61f1"
"case_014","llm_bands","1","PASS","NON_BACKSTAGE","Latent Owner Signal Synthesis","BACKSTAGE","SEGMENT","LOW","LOW","Design and product development teams at the Goodwood facility interact with periodic synthesis reports generated from anonymised, aggregated behavioural patterns drawn from the Whispers app owner base; interaction occurs through internal design briefing sessions, not through any client-facing surface","The AI continuously ingests anonymised, aggregated signals from Whispers app usage — categories of concierge requests, bespoke feature enquiries, content engagement patterns, and seasonal preference clusters — and distils these into slow-cycle thematic briefs delivered to the product development and Coachbuild design teams on a quarterly cadence. The output is not a personalisation engine and does not act on any individual owner; it is a pattern-recognition layer that surfaces latent appetite shifts across the owner population as a whole, for example a drift toward particular material families, journey typologies, or privacy-oriented cabin configurations. These briefs are written in plain descriptive language, stripped of statistical framing, and handed to senior designers and the Coachbuild programme leads as one input among many — alongside craftsperson intuition, archival research, and Private Office relationship intelligence. No AI output reaches a client. No individual owner is modelled. The signal is used only to inform what the house chooses to make available, not to tell any owner what they want.","D1;D2;D5","The problem is fundamentally about how Rolls-Royce relates to individual UHNW owners at scale — deepening relationship relevance, curating what is offered to whom, and maintaining the quality and consistency of an intimate client experience across a globally dispersed base. The Whispers app is a relationship channel, and the stated challenge is ensuring that digital mediation enhances rather than erodes the human warmth and bespoke character of each owner's connection with the brand. This is a classic personalisation problem: differentiating content, invitations, concierge recommendations, and lifestyle curation per client while respecting the brand's strict scenic-invisibility and symbolic-orchestration requirements. The operational dimensions (production constraints, facility logistics) are not what the brief asks to solve; the brief asks how to scale one-to-one relevance without compromising intimacy, which personalisation is well-positioned to address.","runs\2026-08-21T14-17-09__d36f66"
"case_014","llm_bands","2","PASS","AT_BACKSTAGE","Provenance Continuity Engine","BACKSTAGE","INDIVIDUAL","LOW","LOW","The client liaison and regional curator, during the pre-encounter preparation phase, accessed through an internal case-management interface invisible to the owner","The system continuously ingests structured provenance data across the owner's vehicle history — commission specifications, bespoke material selections, Coachbuild records, service milestones, and authenticated parts lineage — and cross-references this against the global inventory of available configurations, rare material stocks, and artisan availability at Goodwood. When a client encounter is scheduled, the system surfaces a consolidated provenance brief to the human curator: a factual account of the owner's object history, any authentication gaps in the vehicle's record, and a flagged inventory note if a material or trim specification relevant to that owner's established preferences is at risk of depletion. The curator then decides what, if anything, to act on. No output reaches the owner. The system does not generate recommendations in client-facing language, does not score or rank owners, and does not initiate outreach. It produces structured factual intelligence — authenticated, timestamped, sourced — that the curator can use or discard. Authentication of provenance is handled by cross-referencing commission records held at Goodwood against service records logged by regional teams, flagging discrepancies for human review rather than resolving them algorithmically.","D2;D5;D1;D4","The problem is fundamentally about how Rolls-Royce relates to individual UHNW owners at scale — maintaining relationship depth, relevance of curated offerings, and experiential consistency across a globally dispersed client base via the Whispers app. The tension is not operational (authentication, supply chain, sizing) but relational: how to deepen and sustain one-to-one client relationships digitally without eroding the hand-built, human-curated character of the brand. Personalisation is directly germane because the challenge is differentiating what each owner sees, receives, and experiences so that the digital touchpoint feels as bespoke as the physical one. The dimensional profile — strict scenic invisibility, strong symbolic orchestration control, emotional value orientation, and quiet-signal motivation — adds meaningful constraints that shape how personalisation should be designed, but none of them argue against personalisation itself; they argue for a particular, carefully governed form of it. This is a legitimate personalisation problem.","runs\2026-08-21T14-17-56__3ee0c3"
"case_014","baseline","0","PASS","POST_BACKSTAGE","Silent Curator","BACKSTAGE","ONE_OF_ONE","LOW","HIGH","Private Office advisors reviewing an AI-generated daily intelligence brief before any outreach to an owner, accessed via an internal dashboard unseen by the client","The AI ingests anonymised signals from the Whispers app — content interactions, event RSVPs, accessory browsing, Spectre cabin preference logs, and inferred travel cadence — and synthesises a ranked set of contextually relevant prompts for each advisor: a suggested conversation opener, a curated event invitation, a Coachbuild narrative thread, or a boutique lifestyle proposition. The output is framed as a private aide-mémoire, not a client-facing artefact. Advisors accept, discard, or reframe every recommendation before any contact is made, preserving the judgment of the human relationship holder.","","","runs\2026-08-21T14-18-43__84efa7"
"case_014","baseline","1","PASS","POST_ADVISOR","Whispers Atelier Intelligence","ADVISOR_MEDIATED","ONE_OF_ONE","LOW","HIGH","Private Office advisors reviewing AI-generated owner insight briefs before initiating any outreach, recommendation, or event invitation via the Whispers app or direct communication","A backstage inference engine continuously synthesises telemetry from Spectre's Decentralised Intelligence systems, Whispers app behavioural signals, travel cadence, and prior commission history to produce a ranked, narrative-form briefing for each owner's designated advisor. The briefing surfaces predicted lifestyle moments, configuration preferences, and curated opportunities — framed as advisor talking points rather than automated outputs. The advisor then decides what to act on, how to personalise the expression, and whether to engage digitally or through a human call or visit. No AI-generated content reaches the client directly.","","","runs\2026-08-21T14-18-50__906e83"
"case_014","baseline","2","PASS","POST_BACKSTAGE","Silent Curator","ADVISOR_MEDIATED","ONE_OF_ONE","LOW","HIGH","Private Office advisors reviewing a daily AI-generated briefing before any outbound client contact or Whispers push notification is approved","AI continuously ingests Spectre Decentralised Intelligence telemetry, Whispers in-app behaviour, travel calendar signals, and prior commission history to surface ranked, contextually reasoned recommendations — event invitations, lifestyle accessories, Coachbuild conversation prompts — each accompanied by an explanatory rationale. No recommendation reaches the client without an advisor reading, editing, or discarding it. The system learns from advisor overrides to refine future outputs.","","","runs\2026-08-21T14-18-57__66c37b"
